"course_id","course_name","competency","category","level","delivery_mode","duration_hours","duration_weeks","max_participants","resource_types","prerequisites","certification_offered","start_date","end_date","status","num_qualified_trainers","primary_trainer_id","num_recommended_trainees","total_enrolled","completion_rate_percent","average_course_rating","average_assessment_pass_rate_percent","description","qualified_trainers"
"C103","Doppler Radar Operations","Doppler radar operations","Doppler Radar Operations","Beginner","Online","16","2","30","System.Object[]","System.Object[]","True","2026-07-20","2026-08-03","completed","5","TRN20260213","6","6","83.4","4.5","98.4","Doppler Radar Operations equips IMD personnel with the knowledge and skills required for operating and interpreting Doppler Weather Radar (DWR) systems for real-time precipitation and wind-field monitoring. This entry-level course builds foundational understanding for officers new to the subject, with no prior experience assumed. Delivered fully online through self-paced modules and live virtual sessions. The course maps to the 'Doppler radar operations' competency in the Capacity Connect competency framework and includes assessments to validate skill acquisition.","System.Object[]"
"C1000","Doppler Radar Operations for Decision Makers","Doppler radar operations","Doppler Radar Operations","Intermediate","Offline","20","2","30","System.Object[]","System.Object[]","True","2027-01-02","2027-01-16","upcoming","5","TRN20260213","4","28","65.5","4","70.5","Doppler Radar Operations for Decision Makers equips IMD personnel with the knowledge and skills required for operating and interpreting Doppler Weather Radar (DWR) systems for real-time precipitation and wind-field monitoring. This intermediate course assumes basic familiarity with the subject and deepens practical, applied skills. Delivered as an in-person, station-based training programme with hands-on instruction. The course maps to the 'Doppler radar operations' competency in the Capacity Connect competency framework and includes assessments to validate skill acquisition.","System.Object[]"
"C1001","Intermediate Doppler Radar Operations","Doppler radar operations","Doppler Radar Operations","Advanced","Hybrid","32","4","30","System.Object[]","System.Object[]","True","2026-11-12","2026-12-10","upcoming","5","TRN20260213","5","27","68.5","4.3","75.4","Intermediate Doppler Radar Operations equips IMD personnel with the knowledge and skills required for operating and interpreting Doppler Weather Radar (DWR) systems for real-time precipitation and wind-field monitoring. This advanced course is designed for experienced officers seeking to master specialized techniques and lead operational deployment. Delivered in a hybrid format combining self-paced online modules with in-person practical sessions. The course maps to the 'Doppler radar operations' competency in the Capacity Connect competency framework and includes assessments to validate skill acquisition.","System.Object[]"
"C1002","Doppler Radar Operations Refresher Course","Doppler radar operations","Doppler Radar Operations","Beginner","Online","16","2","25","System.Object[]","System.Object[]","False","2026-06-12","2026-06-26","completed","5","TRN20260213","6","7","87.5","4.7","66","Doppler Radar Operations Refresher Course equips IMD personnel with the knowledge and skills required for operating and interpreting Doppler Weather Radar (DWR) systems for real-time precipitation and wind-field monitoring. This entry-level course builds foundational understanding for officers new to the subject, with no prior experience assumed. Delivered fully online through self-paced modules and live virtual sessions. The course maps to the 'Doppler radar operations' competency in the Capacity Connect competency framework and includes assessments to validate skill acquisition.","System.Object[]"
"C1003","Doppler Radar Operations Data Handling and Quality Control","Doppler radar operations","Doppler Radar Operations","Intermediate","Offline","24","3","20","System.Object[]","System.Object[]","True","2026-08-04","2026-08-25","completed","5","TRN20260213","5","15","59.8","3.9","77.7","Doppler Radar Operations Data Handling and Quality Control equips IMD personnel with the knowledge and skills required for operating and interpreting Doppler Weather Radar (DWR) systems for real-time precipitation and wind-field monitoring. This intermediate course assumes basic familiarity with the subject and deepens practical, applied skills. Delivered as an in-person, station-based training programme with hands-on instruction. The course maps to the 'Doppler radar operations' competency in the Capacity Connect competency framework and includes assessments to validate skill acquisition.","System.Object[]"
"C1004","Specialized Doppler Radar Operations Training","Doppler radar operations","Doppler Radar Operations","Advanced","Hybrid","24","3","20","System.Object[]","System.Object[]","False","2026-09-24","2026-10-15","upcoming","5","TRN20260213","4","5","80.8","4","64.4","Specialized Doppler Radar Operations Training equips IMD personnel with the knowledge and skills required for operating and interpreting Doppler Weather Radar (DWR) systems for real-time precipitation and wind-field monitoring. This advanced course is designed for experienced officers seeking to master specialized techniques and lead operational deployment. Delivered in a hybrid format combining self-paced online modules with in-person practical sessions. The course maps to the 'Doppler radar operations' competency in the Capacity Connect competency framework and includes assessments to validate skill acquisition.","System.Object[]"
"C1005","Doppler Radar Operations: Case Studies from Indian Meteorology","Doppler radar operations","Doppler Radar Operations","Beginner","Online","12","2","20","System.Object[]","System.Object[]","True","2026-12-24","2027-01-07","upcoming","5","TRN20260213","6","13","77.7","4.2","97.6","Doppler Radar Operations: Case Studies from Indian Meteorology equips IMD personnel with the knowledge and skills required for operating and interpreting Doppler Weather Radar (DWR) systems for real-time precipitation and wind-field monitoring. This entry-level course builds foundational understanding for officers new to the subject, with no prior experience assumed. Delivered fully online through self-paced modules and live virtual sessions. The course maps to the 'Doppler radar operations' competency in the Capacity Connect competency framework and includes assessments to validate skill acquisition.","System.Object[]"
"C1006","Introduction to Doppler Radar Operations","Doppler radar operations","Doppler Radar Operations","Beginner","Offline","32","4","30","System.Object[]","System.Object[]","True","2026-03-26","2026-04-23","completed","5","TRN20260213","3","15","55.9","4.1","82.9","Introduction to Doppler Radar Operations equips IMD personnel with the knowledge and skills required for operating and interpreting Doppler Weather Radar (DWR) systems for real-time precipitation and wind-field monitoring. This entry-level course builds foundational understanding for officers new to the subject, with no prior experience assumed. Delivered as an in-person, station-based training programme with hands-on instruction. The course maps to the 'Doppler radar operations' competency in the Capacity Connect competency framework and includes assessments to validate skill acquisition.","System.Object[]"
"C1007","Master Class: Doppler Radar Operations","Doppler radar operations","Doppler Radar Operations","Advanced","Hybrid","32","4","20","System.Object[]","System.Object[]","False","2027-01-09","2027-02-06","upcoming","5","TRN20260213","3","20","64.2","3.4","96.5","Master Class: Doppler Radar Operations equips IMD personnel with the knowledge and skills required for operating and interpreting Doppler Weather Radar (DWR) systems for real-time precipitation and wind-field monitoring. This advanced course is designed for experienced officers seeking to master specialized techniques and lead operational deployment. Delivered in a hybrid format combining self-paced online modules with in-person practical sessions. The course maps to the 'Doppler radar operations' competency in the Capacity Connect competency framework and includes assessments to validate skill acquisition.","System.Object[]"
"C1008","Advanced Doppler Radar Operations Techniques","Doppler radar operations","Doppler Radar Operations","Advanced","Online","12","2","40","System.Object[]","System.Object[]","True","2026-07-28","2026-08-11","completed","5","TRN20260213","5","8","72.3","3.8","93.6","Advanced Doppler Radar Operations Techniques equips IMD personnel with the knowledge and skills required for operating and interpreting Doppler Weather Radar (DWR) systems for real-time precipitation and wind-field monitoring. This advanced course is designed for experienced officers seeking to master specialized techniques and lead operational deployment. Delivered fully online through self-paced modules and live virtual sessions. The course maps to the 'Doppler radar operations' competency in the Capacity Connect competency framework and includes assessments to validate skill acquisition.","System.Object[]"
"C1009","Doppler Radar Operations for Field Officers","Doppler radar operations","Doppler Radar Operations","Intermediate","Offline","12","2","50","System.Object[]","System.Object[]","True","2026-07-22","2026-08-05","completed","5","TRN20260213","6","46","98","4.6","97.8","Doppler Radar Operations for Field Officers equips IMD personnel with the knowledge and skills required for operating and interpreting Doppler Weather Radar (DWR) systems for real-time precipitation and wind-field monitoring. This intermediate course assumes basic familiarity with the subject and deepens practical, applied skills. Delivered as an in-person, station-based training programme with hands-on instruction. The course maps to the 'Doppler radar operations' competency in the Capacity Connect competency framework and includes assessments to validate skill acquisition.","System.Object[]"
"C1010","Hands-on Doppler Radar Operations","Doppler radar operations","Doppler Radar Operations","Advanced","Hybrid","20","2","40","System.Object[]","System.Object[]","False","2027-01-01","2027-01-15","upcoming","5","TRN20260213","4","34","67.3","4.4","88.5","Hands-on Doppler Radar Operations equips IMD personnel with the knowledge and skills required for operating and interpreting Doppler Weather Radar (DWR) systems for real-time precipitation and wind-field monitoring. This advanced course is designed for experienced officers seeking to master specialized techniques and lead operational deployment. Delivered in a hybrid format combining self-paced online modules with in-person practical sessions. The course maps to the 'Doppler radar operations' competency in the Capacity Connect competency framework and includes assessments to validate skill acquisition.","System.Object[]"
"C1011","Applied Doppler Radar Operations","Doppler radar operations","Doppler Radar Operations","Beginner","Online","12","2","25","System.Object[]","System.Object[]","True","2026-04-21","2026-05-05","completed","5","TRN20260213","3","23","75.5","4.8","80.7","Applied Doppler Radar Operations equips IMD personnel with the knowledge and skills required for operating and interpreting Doppler Weather Radar (DWR) systems for real-time precipitation and wind-field monitoring. This entry-level course builds foundational understanding for officers new to the subject, with no prior experience assumed. Delivered fully online through self-paced modules and live virtual sessions. The course maps to the 'Doppler radar operations' competency in the Capacity Connect competency framework and includes assessments to validate skill acquisition.","System.Object[]"
"C1012","Doppler Radar Operations: Core Concepts","Doppler radar operations","Doppler Radar Operations","Intermediate","Offline","40","5","25","System.Object[]","System.Object[]","True","2026-08-30","2026-10-04","ongoing","5","TRN20260213","6","23","79.3","3.7","70.2","Doppler Radar Operations: Core Concepts equips IMD personnel with the knowledge and skills required for operating and interpreting Doppler Weather Radar (DWR) systems for real-time precipitation and wind-field monitoring. This intermediate course assumes basic familiarity with the subject and deepens practical, applied skills. Delivered as an in-person, station-based training programme with hands-on instruction. The course maps to the 'Doppler radar operations' competency in the Capacity Connect competency framework and includes assessments to validate skill acquisition.","System.Object[]"
"C1013","Doppler Radar Operations for New Recruits","Doppler radar operations","Doppler Radar Operations","Beginner","Hybrid","16","2","40","System.Object[]","System.Object[]","True","2026-09-17","2026-10-01","ongoing","5","TRN20260213","3","11","58.2","3.6","70.3","Doppler Radar Operations for New Recruits equips IMD personnel with the knowledge and skills required for operating and interpreting Doppler Weather Radar (DWR) systems for real-time precipitation and wind-field monitoring. This entry-level course builds foundational understanding for officers new to the subject, with no prior experience assumed. Delivered in a hybrid format combining self-paced online modules with in-person practical sessions. The course maps to the 'Doppler radar operations' competency in the Capacity Connect competency framework and includes assessments to validate skill acquisition.","System.Object[]"
"C1014","Doppler Radar Operations in Operational Forecasting","Doppler radar operations","Doppler Radar Operations","Beginner","Online","12","2","30","System.Object[]","System.Object[]","True","2026-08-14","2026-08-28","completed","5","TRN20260213","7","8","93.3","4.5","66.1","Doppler Radar Operations in Operational Forecasting equips IMD personnel with the knowledge and skills required for operating and interpreting Doppler Weather Radar (DWR) systems for real-time precipitation and wind-field monitoring. This entry-level course builds foundational understanding for officers new to the subject, with no prior experience assumed. Delivered fully online through self-paced modules and live virtual sessions. The course maps to the 'Doppler radar operations' competency in the Capacity Connect competency framework and includes assessments to validate skill acquisition.","System.Object[]"
"C1015","Foundations of Doppler Radar Operations","Doppler radar operations","Doppler Radar Operations","Beginner","Offline","32","4","30","System.Object[]","System.Object[]","False","2026-06-13","2026-07-11","completed","5","TRN20260213","5","5","69.3","3.4","98.2","Foundations of Doppler Radar Operations equips IMD personnel with the knowledge and skills required for operating and interpreting Doppler Weather Radar (DWR) systems for real-time precipitation and wind-field monitoring. This entry-level course builds foundational understanding for officers new to the subject, with no prior experience assumed. Delivered as an in-person, station-based training programme with hands-on instruction. The course maps to the 'Doppler radar operations' competency in the Capacity Connect competency framework and includes assessments to validate skill acquisition.","System.Object[]"
"C1016","Practical Lab: Doppler Radar Operations","Doppler radar operations","Doppler Radar Operations","Advanced","Hybrid","24","3","40","System.Object[]","System.Object[]","False","2026-04-12","2026-05-03","completed","5","TRN20260213","5","24","70.7","4.8","97.9","Practical Lab: Doppler Radar Operations equips IMD personnel with the knowledge and skills required for operating and interpreting Doppler Weather Radar (DWR) systems for real-time precipitation and wind-field monitoring. This advanced course is designed for experienced officers seeking to master specialized techniques and lead operational deployment. Delivered in a hybrid format combining self-paced online modules with in-person practical sessions. The course maps to the 'Doppler radar operations' competency in the Capacity Connect competency framework and includes assessments to validate skill acquisition.","System.Object[]"
"C1017","Doppler Radar Operations Bootcamp","Doppler radar operations","Doppler Radar Operations","Beginner","Online","12","2","25","System.Object[]","System.Object[]","False","2026-07-28","2026-08-11","completed","5","TRN20260213","4","10","86.7","3.8","96.3","Doppler Radar Operations Bootcamp equips IMD personnel with the knowledge and skills required for operating and interpreting Doppler Weather Radar (DWR) systems for real-time precipitation and wind-field monitoring. This entry-level course builds foundational understanding for officers new to the subject, with no prior experience assumed. Delivered fully online through self-paced modules and live virtual sessions. The course maps to the 'Doppler radar operations' competency in the Capacity Connect competency framework and includes assessments to validate skill acquisition.","System.Object[]"
"C1018","Doppler Radar Operations Certification Program","Doppler radar operations","Doppler Radar Operations","Intermediate","Offline","12","2","20","System.Object[]","System.Object[]","False","2026-04-27","2026-05-11","completed","5","TRN20260213","4","12","56","3.5","72.8","Doppler Radar Operations Certification Program equips IMD personnel with the knowledge and skills required for operating and interpreting Doppler Weather Radar (DWR) systems for real-time precipitation and wind-field monitoring. This intermediate course assumes basic familiarity with the subject and deepens practical, applied skills. Delivered as an in-person, station-based training programme with hands-on instruction. The course maps to the 'Doppler radar operations' competency in the Capacity Connect competency framework and includes assessments to validate skill acquisition.","System.Object[]"
"C1019","Doppler Radar Operations: Tools and Applications","Doppler radar operations","Doppler Radar Operations","Advanced","Hybrid","16","2","50","System.Object[]","System.Object[]","True","2026-12-09","2026-12-23","upcoming","5","TRN20260213","4","27","86.3","3.7","83.6","Doppler Radar Operations: Tools and Applications equips IMD personnel with the knowledge and skills required for operating and interpreting Doppler Weather Radar (DWR) systems for real-time precipitation and wind-field monitoring. This advanced course is designed for experienced officers seeking to master specialized techniques and lead operational deployment. Delivered in a hybrid format combining self-paced online modules with in-person practical sessions. The course maps to the 'Doppler radar operations' competency in the Capacity Connect competency framework and includes assessments to validate skill acquisition.","System.Object[]"
"C1020","Doppler Radar Operations Best Practices","Doppler radar operations","Doppler Radar Operations","Beginner","Online","20","2","50","System.Object[]","System.Object[]","False","2026-05-25","2026-06-08","completed","5","TRN20260213","6","9","95.8","4.8","84.3","Doppler Radar Operations Best Practices equips IMD personnel with the knowledge and skills required for operating and interpreting Doppler Weather Radar (DWR) systems for real-time precipitation and wind-field monitoring. This entry-level course builds foundational understanding for officers new to the subject, with no prior experience assumed. Delivered fully online through self-paced modules and live virtual sessions. The course maps to the 'Doppler radar operations' competency in the Capacity Connect competency framework and includes assessments to validate skill acquisition.","System.Object[]"
"C1021","Doppler Radar Operations Essentials","Doppler radar operations","Doppler Radar Operations","Beginner","Offline","24","3","30","System.Object[]","System.Object[]","False","2026-07-08","2026-07-29","completed","5","TRN20260213","4","14","72.5","4.6","71.9","Doppler Radar Operations Essentials equips IMD personnel with the knowledge and skills required for operating and interpreting Doppler Weather Radar (DWR) systems for real-time precipitation and wind-field monitoring. This entry-level course builds foundational understanding for officers new to the subject, with no prior experience assumed. Delivered as an in-person, station-based training programme with hands-on instruction. The course maps to the 'Doppler radar operations' competency in the Capacity Connect competency framework and includes assessments to validate skill acquisition.","System.Object[]"
"C1022","Doppler Radar Operations Capstone Project","Doppler radar operations","Doppler Radar Operations","Advanced","Hybrid","40","5","50","System.Object[]","System.Object[]","True","2026-04-04","2026-05-09","completed","5","TRN20260213","7","20","83.9","3.6","67.8","Doppler Radar Operations Capstone Project equips IMD personnel with the knowledge and skills required for operating and interpreting Doppler Weather Radar (DWR) systems for real-time precipitation and wind-field monitoring. This advanced course is designed for experienced officers seeking to master specialized techniques and lead operational deployment. Delivered in a hybrid format combining self-paced online modules with in-person practical sessions. The course maps to the 'Doppler radar operations' competency in the Capacity Connect competency framework and includes assessments to validate skill acquisition.","System.Object[]"
"C1023","Doppler Radar Operations Workshop","Doppler radar operations","Doppler Radar Operations","Beginner","Online","12","2","40","System.Object[]","System.Object[]","True","2026-04-17","2026-05-01","completed","5","TRN20260213","8","19","62.6","4.8","80.2","Doppler Radar Operations Workshop equips IMD personnel with the knowledge and skills required for operating and interpreting Doppler Weather Radar (DWR) systems for real-time precipitation and wind-field monitoring. This entry-level course builds foundational understanding for officers new to the subject, with no prior experience assumed. Delivered fully online through self-paced modules and live virtual sessions. The course maps to the 'Doppler radar operations' competency in the Capacity Connect competency framework and includes assessments to validate skill acquisition.","System.Object[]"
"C104","Radar Data Interpretation","Radar data interpretation","Radar Data Interpretation","Beginner","Online","16","2","40","System.Object[]","System.Object[]","False","2026-10-21","2026-11-04","upcoming","5","TRN20260097","5","19","71.5","3.5","68.3","Radar Data Interpretation equips IMD personnel with the knowledge and skills required for reading, calibrating and interpreting radar reflectivity and velocity products for operational forecasting. This entry-level course builds foundational understanding for officers new to the subject, with no prior experience assumed. Delivered fully online through self-paced modules and live virtual sessions. The course maps to the 'Radar data interpretation' competency in the Capacity Connect competency framework and includes assessments to validate skill acquisition.","System.Object[]"
"C1024","Introduction to Radar Data Interpretation","Radar data interpretation","Radar Data Interpretation","Beginner","Offline","16","2","50","System.Object[]","System.Object[]","True","2026-10-23","2026-11-06","upcoming","5","TRN20260097","6","27","67.8","3.9","94.8","Introduction to Radar Data Interpretation equips IMD personnel with the knowledge and skills required for reading, calibrating and interpreting radar reflectivity and velocity products for operational forecasting. This entry-level course builds foundational understanding for officers new to the subject, with no prior experience assumed. Delivered as an in-person, station-based training programme with hands-on instruction. The course maps to the 'Radar data interpretation' competency in the Capacity Connect competency framework and includes assessments to validate skill acquisition.","System.Object[]"
"C1025","Foundations of Radar Data Interpretation","Radar data interpretation","Radar Data Interpretation","Beginner","Hybrid","20","2","25","System.Object[]","System.Object[]","True","2026-04-05","2026-04-19","completed","5","TRN20260097","5","22","56.2","3.9","82","Foundations of Radar Data Interpretation equips IMD personnel with the knowledge and skills required for reading, calibrating and interpreting radar reflectivity and velocity products for operational forecasting. This entry-level course builds foundational understanding for officers new to the subject, with no prior experience assumed. Delivered in a hybrid format combining self-paced online modules with in-person practical sessions. The course maps to the 'Radar data interpretation' competency in the Capacity Connect competency framework and includes assessments to validate skill acquisition.","System.Object[]"
"C1026","Master Class: Radar Data Interpretation","Radar data interpretation","Radar Data Interpretation","Beginner","Online","32","4","40","System.Object[]","System.Object[]","False","2026-05-03","2026-05-31","completed","5","TRN20260097","5","29","67","4.8","76.4","Master Class: Radar Data Interpretation equips IMD personnel with the knowledge and skills required for reading, calibrating and interpreting radar reflectivity and velocity products for operational forecasting. This entry-level course builds foundational understanding for officers new to the subject, with no prior experience assumed. Delivered fully online through self-paced modules and live virtual sessions. The course maps to the 'Radar data interpretation' competency in the Capacity Connect competency framework and includes assessments to validate skill acquisition.","System.Object[]"
"C1027","Radar Data Interpretation for Decision Makers","Radar data interpretation","Radar Data Interpretation","Intermediate","Offline","8","1","50","System.Object[]","System.Object[]","True","2026-11-20","2026-11-27","upcoming","5","TRN20260097","3","17","91.1","4.3","69.3","Radar Data Interpretation for Decision Makers equips IMD personnel with the knowledge and skills required for reading, calibrating and interpreting radar reflectivity and velocity products for operational forecasting. This intermediate course assumes basic familiarity with the subject and deepens practical, applied skills. Delivered as an in-person, station-based training programme with hands-on instruction. The course maps to the 'Radar data interpretation' competency in the Capacity Connect competency framework and includes assessments to validate skill acquisition.","System.Object[]"
"C1028","Applied Radar Data Interpretation","Radar data interpretation","Radar Data Interpretation","Advanced","Hybrid","24","3","25","System.Object[]","System.Object[]","True","2026-07-02","2026-07-23","completed","5","TRN20260097","7","14","79.8","4.7","74.6","Applied Radar Data Interpretation equips IMD personnel with the knowledge and skills required for reading, calibrating and interpreting radar reflectivity and velocity products for operational forecasting. This advanced course is designed for experienced officers seeking to master specialized techniques and lead operational deployment. Delivered in a hybrid format combining self-paced online modules with in-person practical sessions. The course maps to the 'Radar data interpretation' competency in the Capacity Connect competency framework and includes assessments to validate skill acquisition.","System.Object[]"
"C1029","Radar Data Interpretation for Field Officers","Radar data interpretation","Radar Data Interpretation","Beginner","Online","24","3","25","System.Object[]","System.Object[]","True","2026-11-28","2026-12-19","upcoming","5","TRN20260097","7","7","76.8","3.8","93.1","Radar Data Interpretation for Field Officers equips IMD personnel with the knowledge and skills required for reading, calibrating and interpreting radar reflectivity and velocity products for operational forecasting. This entry-level course builds foundational understanding for officers new to the subject, with no prior experience assumed. Delivered fully online through self-paced modules and live virtual sessions. The course maps to the 'Radar data interpretation' competency in the Capacity Connect competency framework and includes assessments to validate skill acquisition.","System.Object[]"
"C1030","Radar Data Interpretation Workshop","Radar data interpretation","Radar Data Interpretation","Intermediate","Offline","20","2","30","System.Object[]","System.Object[]","False","2026-08-12","2026-08-26","completed","5","TRN20260097","8","13","68.9","3.6","96.5","Radar Data Interpretation Workshop equips IMD personnel with the knowledge and skills required for reading, calibrating and interpreting radar reflectivity and velocity products for operational forecasting. This intermediate course assumes basic familiarity with the subject and deepens practical, applied skills. Delivered as an in-person, station-based training programme with hands-on instruction. The course maps to the 'Radar data interpretation' competency in the Capacity Connect competency framework and includes assessments to validate skill acquisition.","System.Object[]"
"C1031","Radar Data Interpretation Best Practices","Radar data interpretation","Radar Data Interpretation","Advanced","Hybrid","12","2","40","System.Object[]","System.Object[]","True","2027-01-01","2027-01-15","upcoming","5","TRN20260097","4","26","67","4.2","94.3","Radar Data Interpretation Best Practices equips IMD personnel with the knowledge and skills required for reading, calibrating and interpreting radar reflectivity and velocity products for operational forecasting. This advanced course is designed for experienced officers seeking to master specialized techniques and lead operational deployment. Delivered in a hybrid format combining self-paced online modules with in-person practical sessions. The course maps to the 'Radar data interpretation' competency in the Capacity Connect competency framework and includes assessments to validate skill acquisition.","System.Object[]"
"C1032","Radar Data Interpretation Capstone Project","Radar data interpretation","Radar Data Interpretation","Beginner","Online","24","3","25","System.Object[]","System.Object[]","False","2027-01-14","2027-02-04","upcoming","5","TRN20260097","6","7","67.7","3.9","69.5","Radar Data Interpretation Capstone Project equips IMD personnel with the knowledge and skills required for reading, calibrating and interpreting radar reflectivity and velocity products for operational forecasting. This entry-level course builds foundational understanding for officers new to the subject, with no prior experience assumed. Delivered fully online through self-paced modules and live virtual sessions. The course maps to the 'Radar data interpretation' competency in the Capacity Connect competency framework and includes assessments to validate skill acquisition.","System.Object[]"
"C1033","Radar Data Interpretation: Case Studies from Indian Meteorology","Radar data interpretation","Radar Data Interpretation","Intermediate","Offline","20","2","50","System.Object[]","System.Object[]","True","2026-06-25","2026-07-09","completed","5","TRN20260097","5","12","86","3.7","89","Radar Data Interpretation: Case Studies from Indian Meteorology equips IMD personnel with the knowledge and skills required for reading, calibrating and interpreting radar reflectivity and velocity products for operational forecasting. This intermediate course assumes basic familiarity with the subject and deepens practical, applied skills. Delivered as an in-person, station-based training programme with hands-on instruction. The course maps to the 'Radar data interpretation' competency in the Capacity Connect competency framework and includes assessments to validate skill acquisition.","System.Object[]"
"C1034","Radar Data Interpretation in Operational Forecasting","Radar data interpretation","Radar Data Interpretation","Advanced","Hybrid","12","2","40","System.Object[]","System.Object[]","True","2026-08-19","2026-09-02","completed","5","TRN20260097","4","39","60.4","3.3","62.1","Radar Data Interpretation in Operational Forecasting equips IMD personnel with the knowledge and skills required for reading, calibrating and interpreting radar reflectivity and velocity products for operational forecasting. This advanced course is designed for experienced officers seeking to master specialized techniques and lead operational deployment. Delivered in a hybrid format combining self-paced online modules with in-person practical sessions. The course maps to the 'Radar data interpretation' competency in the Capacity Connect competency framework and includes assessments to validate skill acquisition.","System.Object[]"
"C1035","Radar Data Interpretation: Core Concepts","Radar data interpretation","Radar Data Interpretation","Beginner","Online","32","4","40","System.Object[]","System.Object[]","True","2027-01-12","2027-02-09","upcoming","5","TRN20260097","6","35","59.9","3.3","79.2","Radar Data Interpretation: Core Concepts equips IMD personnel with the knowledge and skills required for reading, calibrating and interpreting radar reflectivity and velocity products for operational forecasting. This entry-level course builds foundational understanding for officers new to the subject, with no prior experience assumed. Delivered fully online through self-paced modules and live virtual sessions. The course maps to the 'Radar data interpretation' competency in the Capacity Connect competency framework and includes assessments to validate skill acquisition.","System.Object[]"
"C1036","Radar Data Interpretation Certification Program","Radar data interpretation","Radar Data Interpretation","Intermediate","Offline","12","2","25","System.Object[]","System.Object[]","True","2026-04-22","2026-05-06","completed","5","TRN20260097","7","14","92","4.9","71.9","Radar Data Interpretation Certification Program equips IMD personnel with the knowledge and skills required for reading, calibrating and interpreting radar reflectivity and velocity products for operational forecasting. This intermediate course assumes basic familiarity with the subject and deepens practical, applied skills. Delivered as an in-person, station-based training programme with hands-on instruction. The course maps to the 'Radar data interpretation' competency in the Capacity Connect competency framework and includes assessments to validate skill acquisition.","System.Object[]"
"C1037","Practical Lab: Radar Data Interpretation","Radar data interpretation","Radar Data Interpretation","Advanced","Hybrid","40","5","25","System.Object[]","System.Object[]","True","2026-04-08","2026-05-13","completed","5","TRN20260097","4","5","72.6","4.4","78.3","Practical Lab: Radar Data Interpretation equips IMD personnel with the knowledge and skills required for reading, calibrating and interpreting radar reflectivity and velocity products for operational forecasting. This advanced course is designed for experienced officers seeking to master specialized techniques and lead operational deployment. Delivered in a hybrid format combining self-paced online modules with in-person practical sessions. The course maps to the 'Radar data interpretation' competency in the Capacity Connect competency framework and includes assessments to validate skill acquisition.","System.Object[]"
"C1038","Specialized Radar Data Interpretation Training","Radar data interpretation","Radar Data Interpretation","Beginner","Online","16","2","30","System.Object[]","System.Object[]","False","2027-01-08","2027-01-22","upcoming","5","TRN20260097","8","9","58.1","3.5","72","Specialized Radar Data Interpretation Training equips IMD personnel with the knowledge and skills required for reading, calibrating and interpreting radar reflectivity and velocity products for operational forecasting. This entry-level course builds foundational understanding for officers new to the subject, with no prior experience assumed. Delivered fully online through self-paced modules and live virtual sessions. The course maps to the 'Radar data interpretation' competency in the Capacity Connect competency framework and includes assessments to validate skill acquisition.","System.Object[]"
"C1039","Radar Data Interpretation: Tools and Applications","Radar data interpretation","Radar Data Interpretation","Intermediate","Offline","20","2","20","System.Object[]","System.Object[]","True","2027-01-11","2027-01-25","upcoming","5","TRN20260097","7","15","81","3.2","68.9","Radar Data Interpretation: Tools and Applications equips IMD personnel with the knowledge and skills required for reading, calibrating and interpreting radar reflectivity and velocity products for operational forecasting. This intermediate course assumes basic familiarity with the subject and deepens practical, applied skills. Delivered as an in-person, station-based training programme with hands-on instruction. The course maps to the 'Radar data interpretation' competency in the Capacity Connect competency framework and includes assessments to validate skill acquisition.","System.Object[]"
"C1040","Radar Data Interpretation Essentials","Radar data interpretation","Radar Data Interpretation","Beginner","Hybrid","40","5","30","System.Object[]","System.Object[]","True","2026-05-15","2026-06-19","completed","5","TRN20260097","5","7","75.2","3.9","72.5","Radar Data Interpretation Essentials equips IMD personnel with the knowledge and skills required for reading, calibrating and interpreting radar reflectivity and velocity products for operational forecasting. This entry-level course builds foundational understanding for officers new to the subject, with no prior experience assumed. Delivered in a hybrid format combining self-paced online modules with in-person practical sessions. The course maps to the 'Radar data interpretation' competency in the Capacity Connect competency framework and includes assessments to validate skill acquisition.","System.Object[]"
"C1041","Radar Data Interpretation for New Recruits","Radar data interpretation","Radar Data Interpretation","Beginner","Online","16","2","40","System.Object[]","System.Object[]","False","2026-11-14","2026-11-28","upcoming","5","TRN20260097","6","37","90.5","3.2","93.9","Radar Data Interpretation for New Recruits equips IMD personnel with the knowledge and skills required for reading, calibrating and interpreting radar reflectivity and velocity products for operational forecasting. This entry-level course builds foundational understanding for officers new to the subject, with no prior experience assumed. Delivered fully online through self-paced modules and live virtual sessions. The course maps to the 'Radar data interpretation' competency in the Capacity Connect competency framework and includes assessments to validate skill acquisition.","System.Object[]"
"C1042","Radar Data Interpretation Refresher Course","Radar data interpretation","Radar Data Interpretation","Intermediate","Offline","8","1","25","System.Object[]","System.Object[]","True","2026-07-23","2026-07-30","completed","5","TRN20260097","4","19","92.9","4","61.1","Radar Data Interpretation Refresher Course equips IMD personnel with the knowledge and skills required for reading, calibrating and interpreting radar reflectivity and velocity products for operational forecasting. This intermediate course assumes basic familiarity with the subject and deepens practical, applied skills. Delivered as an in-person, station-based training programme with hands-on instruction. The course maps to the 'Radar data interpretation' competency in the Capacity Connect competency framework and includes assessments to validate skill acquisition.","System.Object[]"
"C1043","Radar Data Interpretation for Regional Centres","Radar data interpretation","Radar Data Interpretation","Advanced","Hybrid","16","2","50","System.Object[]","System.Object[]","False","2026-10-21","2026-11-04","upcoming","5","TRN20260097","3","36","95.1","3.7","87.5","Radar Data Interpretation for Regional Centres equips IMD personnel with the knowledge and skills required for reading, calibrating and interpreting radar reflectivity and velocity products for operational forecasting. This advanced course is designed for experienced officers seeking to master specialized techniques and lead operational deployment. Delivered in a hybrid format combining self-paced online modules with in-person practical sessions. The course maps to the 'Radar data interpretation' competency in the Capacity Connect competency framework and includes assessments to validate skill acquisition.","System.Object[]"
"C1044","Radar Data Interpretation Data Handling and Quality Control","Radar data interpretation","Radar Data Interpretation","Beginner","Online","20","2","25","System.Object[]","System.Object[]","True","2026-11-28","2026-12-12","upcoming","5","TRN20260097","7","5","67.2","3.7","82.9","Radar Data Interpretation Data Handling and Quality Control equips IMD personnel with the knowledge and skills required for reading, calibrating and interpreting radar reflectivity and velocity products for operational forecasting. This entry-level course builds foundational understanding for officers new to the subject, with no prior experience assumed. Delivered fully online through self-paced modules and live virtual sessions. The course maps to the 'Radar data interpretation' competency in the Capacity Connect competency framework and includes assessments to validate skill acquisition.","System.Object[]"
"C1045","Hands-on Radar Data Interpretation","Radar data interpretation","Radar Data Interpretation","Intermediate","Offline","20","2","50","System.Object[]","System.Object[]","False","2026-11-20","2026-12-04","upcoming","5","TRN20260097","6","19","91.8","3.9","72.4","Hands-on Radar Data Interpretation equips IMD personnel with the knowledge and skills required for reading, calibrating and interpreting radar reflectivity and velocity products for operational forecasting. This intermediate course assumes basic familiarity with the subject and deepens practical, applied skills. Delivered as an in-person, station-based training programme with hands-on instruction. The course maps to the 'Radar data interpretation' competency in the Capacity Connect competency framework and includes assessments to validate skill acquisition.","System.Object[]"
"C1046","Advanced Radar Data Interpretation Techniques","Radar data interpretation","Radar Data Interpretation","Advanced","Hybrid","20","2","25","System.Object[]","System.Object[]","False","2026-11-18","2026-12-02","upcoming","5","TRN20260097","5","9","72.6","4.3","66","Advanced Radar Data Interpretation Techniques equips IMD personnel with the knowledge and skills required for reading, calibrating and interpreting radar reflectivity and velocity products for operational forecasting. This advanced course is designed for experienced officers seeking to master specialized techniques and lead operational deployment. Delivered in a hybrid format combining self-paced online modules with in-person practical sessions. The course maps to the 'Radar data interpretation' competency in the Capacity Connect competency framework and includes assessments to validate skill acquisition.","System.Object[]"
"C1047","Radar Data Interpretation Bootcamp","Radar data interpretation","Radar Data Interpretation","Beginner","Online","16","2","50","System.Object[]","System.Object[]","True","2026-07-17","2026-07-31","completed","5","TRN20260097","5","9","65.1","4.4","71.2","Radar Data Interpretation Bootcamp equips IMD personnel with the knowledge and skills required for reading, calibrating and interpreting radar reflectivity and velocity products for operational forecasting. This entry-level course builds foundational understanding for officers new to the subject, with no prior experience assumed. Delivered fully online through self-paced modules and live virtual sessions. The course maps to the 'Radar data interpretation' competency in the Capacity Connect competency framework and includes assessments to validate skill acquisition.","System.Object[]"
"C105","Satellite Meteorology","Satellite data analysis","Satellite Data Analysis","Beginner","Online","8","1","50","System.Object[]","System.Object[]","False","2026-11-04","2026-11-11","upcoming","5","TRN20260129","4","34","93.8","4.4","66.2","Satellite Meteorology equips IMD personnel with the knowledge and skills required for processing and interpreting INSAT and polar-orbiting satellite imagery for weather diagnosis. This entry-level course builds foundational understanding for officers new to the subject, with no prior experience assumed. Delivered fully online through self-paced modules and live virtual sessions. The course maps to the 'Satellite data analysis' competency in the Capacity Connect competency framework and includes assessments to validate skill acquisition.","System.Object[]"
"C1048","Specialized Satellite Data Analysis Training","Satellite data analysis","Satellite Data Analysis","Intermediate","Offline","24","3","30","System.Object[]","System.Object[]","True","2026-08-21","2026-09-11","completed","5","TRN20260129","4","17","79.6","4.2","98.7","Specialized Satellite Data Analysis Training equips IMD personnel with the knowledge and skills required for processing and interpreting INSAT and polar-orbiting satellite imagery for weather diagnosis. This intermediate course assumes basic familiarity with the subject and deepens practical, applied skills. Delivered as an in-person, station-based training programme with hands-on instruction. The course maps to the 'Satellite data analysis' competency in the Capacity Connect competency framework and includes assessments to validate skill acquisition.","System.Object[]"
"C1049","Practical Lab: Satellite Data Analysis","Satellite data analysis","Satellite Data Analysis","Advanced","Hybrid","40","5","40","System.Object[]","System.Object[]","False","2026-08-28","2026-10-02","ongoing","5","TRN20260129","7","13","82","4.7","85.2","Practical Lab: Satellite Data Analysis equips IMD personnel with the knowledge and skills required for processing and interpreting INSAT and polar-orbiting satellite imagery for weather diagnosis. This advanced course is designed for experienced officers seeking to master specialized techniques and lead operational deployment. Delivered in a hybrid format combining self-paced online modules with in-person practical sessions. The course maps to the 'Satellite data analysis' competency in the Capacity Connect competency framework and includes assessments to validate skill acquisition.","System.Object[]"
"C1050","Satellite Data Analysis Best Practices","Satellite data analysis","Satellite Data Analysis","Beginner","Online","8","1","50","System.Object[]","System.Object[]","False","2026-11-24","2026-12-01","upcoming","5","TRN20260129","8","22","90.7","3.6","92.2","Satellite Data Analysis Best Practices equips IMD personnel with the knowledge and skills required for processing and interpreting INSAT and polar-orbiting satellite imagery for weather diagnosis. This entry-level course builds foundational understanding for officers new to the subject, with no prior experience assumed. Delivered fully online through self-paced modules and live virtual sessions. The course maps to the 'Satellite data analysis' competency in the Capacity Connect competency framework and includes assessments to validate skill acquisition.","System.Object[]"
"C1051","Satellite Data Analysis Data Handling and Quality Control","Satellite data analysis","Satellite Data Analysis","Intermediate","Offline","32","4","30","System.Object[]","System.Object[]","False","2026-09-27","2026-10-25","upcoming","5","TRN20260129","4","30","72","3.6","64.8","Satellite Data Analysis Data Handling and Quality Control equips IMD personnel with the knowledge and skills required for processing and interpreting INSAT and polar-orbiting satellite imagery for weather diagnosis. This intermediate course assumes basic familiarity with the subject and deepens practical, applied skills. Delivered as an in-person, station-based training programme with hands-on instruction. The course maps to the 'Satellite data analysis' competency in the Capacity Connect competency framework and includes assessments to validate skill acquisition.","System.Object[]"
"C1052","Satellite Data Analysis: Case Studies from Indian Meteorology","Satellite data analysis","Satellite Data Analysis","Advanced","Hybrid","24","3","40","System.Object[]","System.Object[]","True","2026-10-18","2026-11-08","upcoming","5","TRN20260129","3","9","82.3","4","87.3","Satellite Data Analysis: Case Studies from Indian Meteorology equips IMD personnel with the knowledge and skills required for processing and interpreting INSAT and polar-orbiting satellite imagery for weather diagnosis. This advanced course is designed for experienced officers seeking to master specialized techniques and lead operational deployment. Delivered in a hybrid format combining self-paced online modules with in-person practical sessions. The course maps to the 'Satellite data analysis' competency in the Capacity Connect competency framework and includes assessments to validate skill acquisition.","System.Object[]"
"C1053","Satellite Data Analysis Certification Program","Satellite data analysis","Satellite Data Analysis","Beginner","Online","12","2","20","System.Object[]","System.Object[]","False","2026-12-24","2027-01-07","upcoming","5","TRN20260129","3","17","74.5","4.3","89","Satellite Data Analysis Certification Program equips IMD personnel with the knowledge and skills required for processing and interpreting INSAT and polar-orbiting satellite imagery for weather diagnosis. This entry-level course builds foundational understanding for officers new to the subject, with no prior experience assumed. Delivered fully online through self-paced modules and live virtual sessions. The course maps to the 'Satellite data analysis' competency in the Capacity Connect competency framework and includes assessments to validate skill acquisition.","System.Object[]"
"C1054","Satellite Data Analysis Capstone Project","Satellite data analysis","Satellite Data Analysis","Intermediate","Offline","24","3","25","System.Object[]","System.Object[]","True","2026-09-22","2026-10-13","upcoming","5","TRN20260129","6","16","59.3","4.4","81.2","Satellite Data Analysis Capstone Project equips IMD personnel with the knowledge and skills required for processing and interpreting INSAT and polar-orbiting satellite imagery for weather diagnosis. This intermediate course assumes basic familiarity with the subject and deepens practical, applied skills. Delivered as an in-person, station-based training programme with hands-on instruction. The course maps to the 'Satellite data analysis' competency in the Capacity Connect competency framework and includes assessments to validate skill acquisition.","System.Object[]"
"C1055","Satellite Data Analysis for New Recruits","Satellite data analysis","Satellite Data Analysis","Beginner","Hybrid","20","2","30","System.Object[]","System.Object[]","True","2027-01-06","2027-01-20","upcoming","5","TRN20260129","3","6","88.8","3.6","64.9","Satellite Data Analysis for New Recruits equips IMD personnel with the knowledge and skills required for processing and interpreting INSAT and polar-orbiting satellite imagery for weather diagnosis. This entry-level course builds foundational understanding for officers new to the subject, with no prior experience assumed. Delivered in a hybrid format combining self-paced online modules with in-person practical sessions. The course maps to the 'Satellite data analysis' competency in the Capacity Connect competency framework and includes assessments to validate skill acquisition.","System.Object[]"
"C1056","Satellite Data Analysis: Core Concepts","Satellite data analysis","Satellite Data Analysis","Beginner","Online","8","1","50","System.Object[]","System.Object[]","True","2026-04-05","2026-04-12","completed","5","TRN20260129","5","39","65.8","3.5","85.8","Satellite Data Analysis: Core Concepts equips IMD personnel with the knowledge and skills required for processing and interpreting INSAT and polar-orbiting satellite imagery for weather diagnosis. This entry-level course builds foundational understanding for officers new to the subject, with no prior experience assumed. Delivered fully online through self-paced modules and live virtual sessions. The course maps to the 'Satellite data analysis' competency in the Capacity Connect competency framework and includes assessments to validate skill acquisition.","System.Object[]"
"C1057","Satellite Data Analysis Workshop","Satellite data analysis","Satellite Data Analysis","Intermediate","Offline","8","1","30","System.Object[]","System.Object[]","False","2026-05-17","2026-05-24","completed","5","TRN20260129","5","28","57.7","4","74.1","Satellite Data Analysis Workshop equips IMD personnel with the knowledge and skills required for processing and interpreting INSAT and polar-orbiting satellite imagery for weather diagnosis. This intermediate course assumes basic familiarity with the subject and deepens practical, applied skills. Delivered as an in-person, station-based training programme with hands-on instruction. The course maps to the 'Satellite data analysis' competency in the Capacity Connect competency framework and includes assessments to validate skill acquisition.","System.Object[]"
"C1058","Applied Satellite Data Analysis","Satellite data analysis","Satellite Data Analysis","Advanced","Hybrid","24","3","25","System.Object[]","System.Object[]","True","2026-09-03","2026-09-24","ongoing","5","TRN20260129","6","20","85.6","4","95.1","Applied Satellite Data Analysis equips IMD personnel with the knowledge and skills required for processing and interpreting INSAT and polar-orbiting satellite imagery for weather diagnosis. This advanced course is designed for experienced officers seeking to master specialized techniques and lead operational deployment. Delivered in a hybrid format combining self-paced online modules with in-person practical sessions. The course maps to the 'Satellite data analysis' competency in the Capacity Connect competency framework and includes assessments to validate skill acquisition.","System.Object[]"
"C1059","Master Class: Satellite Data Analysis","Satellite data analysis","Satellite Data Analysis","Beginner","Online","8","1","25","System.Object[]","System.Object[]","False","2026-07-11","2026-07-18","completed","5","TRN20260129","5","25","83","4.5","88.1","Master Class: Satellite Data Analysis equips IMD personnel with the knowledge and skills required for processing and interpreting INSAT and polar-orbiting satellite imagery for weather diagnosis. This entry-level course builds foundational understanding for officers new to the subject, with no prior experience assumed. Delivered fully online through self-paced modules and live virtual sessions. The course maps to the 'Satellite data analysis' competency in the Capacity Connect competency framework and includes assessments to validate skill acquisition.","System.Object[]"
"C1060","Advanced Satellite Data Analysis Techniques","Satellite data analysis","Satellite Data Analysis","Advanced","Offline","20","2","25","System.Object[]","System.Object[]","False","2026-05-11","2026-05-25","completed","5","TRN20260129","6","20","57.9","4.6","63.6","Advanced Satellite Data Analysis Techniques equips IMD personnel with the knowledge and skills required for processing and interpreting INSAT and polar-orbiting satellite imagery for weather diagnosis. This advanced course is designed for experienced officers seeking to master specialized techniques and lead operational deployment. Delivered as an in-person, station-based training programme with hands-on instruction. The course maps to the 'Satellite data analysis' competency in the Capacity Connect competency framework and includes assessments to validate skill acquisition.","System.Object[]"
"C1061","Satellite Data Analysis for Regional Centres","Satellite data analysis","Satellite Data Analysis","Advanced","Hybrid","40","5","25","System.Object[]","System.Object[]","True","2026-11-24","2026-12-29","upcoming","5","TRN20260129","8","16","59.5","4.1","66","Satellite Data Analysis for Regional Centres equips IMD personnel with the knowledge and skills required for processing and interpreting INSAT and polar-orbiting satellite imagery for weather diagnosis. This advanced course is designed for experienced officers seeking to master specialized techniques and lead operational deployment. Delivered in a hybrid format combining self-paced online modules with in-person practical sessions. The course maps to the 'Satellite data analysis' competency in the Capacity Connect competency framework and includes assessments to validate skill acquisition.","System.Object[]"
"C1062","Satellite Data Analysis in Operational Forecasting","Satellite data analysis","Satellite Data Analysis","Beginner","Online","40","5","20","System.Object[]","System.Object[]","False","2026-09-12","2026-10-17","ongoing","5","TRN20260129","4","13","56.2","3.7","89.7","Satellite Data Analysis in Operational Forecasting equips IMD personnel with the knowledge and skills required for processing and interpreting INSAT and polar-orbiting satellite imagery for weather diagnosis. This entry-level course builds foundational understanding for officers new to the subject, with no prior experience assumed. Delivered fully online through self-paced modules and live virtual sessions. The course maps to the 'Satellite data analysis' competency in the Capacity Connect competency framework and includes assessments to validate skill acquisition.","System.Object[]"
"C1063","Satellite Data Analysis Refresher Course","Satellite data analysis","Satellite Data Analysis","Intermediate","Offline","8","1","25","System.Object[]","System.Object[]","True","2027-01-07","2027-01-14","upcoming","5","TRN20260129","8","10","70.9","4.4","90.3","Satellite Data Analysis Refresher Course equips IMD personnel with the knowledge and skills required for processing and interpreting INSAT and polar-orbiting satellite imagery for weather diagnosis. This intermediate course assumes basic familiarity with the subject and deepens practical, applied skills. Delivered as an in-person, station-based training programme with hands-on instruction. The course maps to the 'Satellite data analysis' competency in the Capacity Connect competency framework and includes assessments to validate skill acquisition.","System.Object[]"
"C1064","Introduction to Satellite Data Analysis","Satellite data analysis","Satellite Data Analysis","Beginner","Hybrid","8","1","25","System.Object[]","System.Object[]","False","2026-08-15","2026-08-22","completed","5","TRN20260129","5","11","87.5","3.4","76.8","Introduction to Satellite Data Analysis equips IMD personnel with the knowledge and skills required for processing and interpreting INSAT and polar-orbiting satellite imagery for weather diagnosis. This entry-level course builds foundational understanding for officers new to the subject, with no prior experience assumed. Delivered in a hybrid format combining self-paced online modules with in-person practical sessions. The course maps to the 'Satellite data analysis' competency in the Capacity Connect competency framework and includes assessments to validate skill acquisition.","System.Object[]"
"C1065","Foundations of Satellite Data Analysis","Satellite data analysis","Satellite Data Analysis","Beginner","Online","24","3","30","System.Object[]","System.Object[]","True","2026-05-23","2026-06-13","completed","5","TRN20260129","3","11","88","4.5","71.3","Foundations of Satellite Data Analysis equips IMD personnel with the knowledge and skills required for processing and interpreting INSAT and polar-orbiting satellite imagery for weather diagnosis. This entry-level course builds foundational understanding for officers new to the subject, with no prior experience assumed. Delivered fully online through self-paced modules and live virtual sessions. The course maps to the 'Satellite data analysis' competency in the Capacity Connect competency framework and includes assessments to validate skill acquisition.","System.Object[]"
"C1066","Satellite Data Analysis for Decision Makers","Satellite data analysis","Satellite Data Analysis","Intermediate","Offline","20","2","40","System.Object[]","System.Object[]","False","2026-10-28","2026-11-11","upcoming","5","TRN20260129","8","6","74.8","3.3","72.2","Satellite Data Analysis for Decision Makers equips IMD personnel with the knowledge and skills required for processing and interpreting INSAT and polar-orbiting satellite imagery for weather diagnosis. This intermediate course assumes basic familiarity with the subject and deepens practical, applied skills. Delivered as an in-person, station-based training programme with hands-on instruction. The course maps to the 'Satellite data analysis' competency in the Capacity Connect competency framework and includes assessments to validate skill acquisition.","System.Object[]"
"C1067","Satellite Data Analysis for Field Officers","Satellite data analysis","Satellite Data Analysis","Advanced","Hybrid","32","4","40","System.Object[]","System.Object[]","False","2026-10-11","2026-11-08","upcoming","5","TRN20260129","4","11","65.5","4.2","80.4","Satellite Data Analysis for Field Officers equips IMD personnel with the knowledge and skills required for processing and interpreting INSAT and polar-orbiting satellite imagery for weather diagnosis. This advanced course is designed for experienced officers seeking to master specialized techniques and lead operational deployment. Delivered in a hybrid format combining self-paced online modules with in-person practical sessions. The course maps to the 'Satellite data analysis' competency in the Capacity Connect competency framework and includes assessments to validate skill acquisition.","System.Object[]"
"C1068","Satellite Data Analysis Bootcamp","Satellite data analysis","Satellite Data Analysis","Beginner","Online","32","4","30","System.Object[]","System.Object[]","True","2026-06-06","2026-07-04","completed","5","TRN20260129","3","21","63.3","4.5","73.7","Satellite Data Analysis Bootcamp equips IMD personnel with the knowledge and skills required for processing and interpreting INSAT and polar-orbiting satellite imagery for weather diagnosis. This entry-level course builds foundational understanding for officers new to the subject, with no prior experience assumed. Delivered fully online through self-paced modules and live virtual sessions. The course maps to the 'Satellite data analysis' competency in the Capacity Connect competency framework and includes assessments to validate skill acquisition.","System.Object[]"
"C1069","Hands-on Satellite Data Analysis","Satellite data analysis","Satellite Data Analysis","Intermediate","Offline","8","1","25","System.Object[]","System.Object[]","False","2026-08-25","2026-09-01","completed","5","TRN20260129","8","25","68.6","3.9","78.3","Hands-on Satellite Data Analysis equips IMD personnel with the knowledge and skills required for processing and interpreting INSAT and polar-orbiting satellite imagery for weather diagnosis. This intermediate course assumes basic familiarity with the subject and deepens practical, applied skills. Delivered as an in-person, station-based training programme with hands-on instruction. The course maps to the 'Satellite data analysis' competency in the Capacity Connect competency framework and includes assessments to validate skill acquisition.","System.Object[]"
"C1070","Satellite Data Analysis Essentials","Satellite data analysis","Satellite Data Analysis","Beginner","Hybrid","24","3","20","System.Object[]","System.Object[]","False","2026-12-07","2026-12-28","upcoming","5","TRN20260129","3","7","82.7","4.9","63.5","Satellite Data Analysis Essentials equips IMD personnel with the knowledge and skills required for processing and interpreting INSAT and polar-orbiting satellite imagery for weather diagnosis. This entry-level course builds foundational understanding for officers new to the subject, with no prior experience assumed. Delivered in a hybrid format combining self-paced online modules with in-person practical sessions. The course maps to the 'Satellite data analysis' competency in the Capacity Connect competency framework and includes assessments to validate skill acquisition.","System.Object[]"
"C1071","Intermediate Satellite Data Analysis","Satellite data analysis","Satellite Data Analysis","Beginner","Online","20","2","50","System.Object[]","System.Object[]","False","2026-11-02","2026-11-16","upcoming","5","TRN20260129","7","50","58.6","4.3","61.5","Intermediate Satellite Data Analysis equips IMD personnel with the knowledge and skills required for processing and interpreting INSAT and polar-orbiting satellite imagery for weather diagnosis. This entry-level course builds foundational understanding for officers new to the subject, with no prior experience assumed. Delivered fully online through self-paced modules and live virtual sessions. The course maps to the 'Satellite data analysis' competency in the Capacity Connect competency framework and includes assessments to validate skill acquisition.","System.Object[]"
"C106","Cyclone Forecasting & Warning","Cyclone warning","Cyclone Warning","Beginner","Online","16","2","20","System.Object[]","System.Object[]","False","2026-09-24","2026-10-08","upcoming","5","TRN20260108","7","7","82.8","3.9","74.1","Cyclone Forecasting & Warning equips IMD personnel with the knowledge and skills required for tropical cyclone track and intensity forecasting and issuing timely cyclone warnings. This entry-level course builds foundational understanding for officers new to the subject, with no prior experience assumed. Delivered fully online through self-paced modules and live virtual sessions. The course maps to the 'Cyclone warning' competency in the Capacity Connect competency framework and includes assessments to validate skill acquisition.","System.Object[]"
"C1072","Cyclone Warning Certification Program","Cyclone warning","Cyclone Warning","Intermediate","Offline","12","2","25","System.Object[]","System.Object[]","True","2026-09-11","2026-09-25","ongoing","5","TRN20260108","4","22","90.9","4.7","61.5","Cyclone Warning Certification Program equips IMD personnel with the knowledge and skills required for tropical cyclone track and intensity forecasting and issuing timely cyclone warnings. This intermediate course assumes basic familiarity with the subject and deepens practical, applied skills. Delivered as an in-person, station-based training programme with hands-on instruction. The course maps to the 'Cyclone warning' competency in the Capacity Connect competency framework and includes assessments to validate skill acquisition.","System.Object[]"
"C1073","Cyclone Warning Workshop","Cyclone warning","Cyclone Warning","Advanced","Hybrid","24","3","40","System.Object[]","System.Object[]","False","2026-07-23","2026-08-13","completed","5","TRN20260108","7","23","87.4","4.5","69.1","Cyclone Warning Workshop equips IMD personnel with the knowledge and skills required for tropical cyclone track and intensity forecasting and issuing timely cyclone warnings. This advanced course is designed for experienced officers seeking to master specialized techniques and lead operational deployment. Delivered in a hybrid format combining self-paced online modules with in-person practical sessions. The course maps to the 'Cyclone warning' competency in the Capacity Connect competency framework and includes assessments to validate skill acquisition.","System.Object[]"
"C1074","Practical Lab: Cyclone Warning","Cyclone warning","Cyclone Warning","Beginner","Online","40","5","40","System.Object[]","System.Object[]","True","2026-07-29","2026-09-02","completed","5","TRN20260108","6","15","90.1","4.6","65.4","Practical Lab: Cyclone Warning equips IMD personnel with the knowledge and skills required for tropical cyclone track and intensity forecasting and issuing timely cyclone warnings. This entry-level course builds foundational understanding for officers new to the subject, with no prior experience assumed. Delivered fully online through self-paced modules and live virtual sessions. The course maps to the 'Cyclone warning' competency in the Capacity Connect competency framework and includes assessments to validate skill acquisition.","System.Object[]"
"C1075","Cyclone Warning: Core Concepts","Cyclone warning","Cyclone Warning","Intermediate","Offline","32","4","40","System.Object[]","System.Object[]","False","2026-11-08","2026-12-06","upcoming","5","TRN20260108","5","14","90.7","3.4","95.5","Cyclone Warning: Core Concepts equips IMD personnel with the knowledge and skills required for tropical cyclone track and intensity forecasting and issuing timely cyclone warnings. This intermediate course assumes basic familiarity with the subject and deepens practical, applied skills. Delivered as an in-person, station-based training programme with hands-on instruction. The course maps to the 'Cyclone warning' competency in the Capacity Connect competency framework and includes assessments to validate skill acquisition.","System.Object[]"
"C1076","Intermediate Cyclone Warning","Cyclone warning","Cyclone Warning","Advanced","Hybrid","8","1","40","System.Object[]","System.Object[]","True","2026-09-10","2026-09-17","completed","5","TRN20260108","4","6","68.7","3.4","87.9","Intermediate Cyclone Warning equips IMD personnel with the knowledge and skills required for tropical cyclone track and intensity forecasting and issuing timely cyclone warnings. This advanced course is designed for experienced officers seeking to master specialized techniques and lead operational deployment. Delivered in a hybrid format combining self-paced online modules with in-person practical sessions. The course maps to the 'Cyclone warning' competency in the Capacity Connect competency framework and includes assessments to validate skill acquisition.","System.Object[]"
"C1077","Advanced Cyclone Warning Techniques","Cyclone warning","Cyclone Warning","Advanced","Online","12","2","20","System.Object[]","System.Object[]","True","2026-04-16","2026-04-30","completed","5","TRN20260108","6","18","59.8","3.7","71.7","Advanced Cyclone Warning Techniques equips IMD personnel with the knowledge and skills required for tropical cyclone track and intensity forecasting and issuing timely cyclone warnings. This advanced course is designed for experienced officers seeking to master specialized techniques and lead operational deployment. Delivered fully online through self-paced modules and live virtual sessions. The course maps to the 'Cyclone warning' competency in the Capacity Connect competency framework and includes assessments to validate skill acquisition.","System.Object[]"
"C1078","Cyclone Warning for Regional Centres","Cyclone warning","Cyclone Warning","Intermediate","Offline","20","2","50","System.Object[]","System.Object[]","False","2026-05-05","2026-05-19","completed","5","TRN20260108","7","5","81.4","3.6","76.2","Cyclone Warning for Regional Centres equips IMD personnel with the knowledge and skills required for tropical cyclone track and intensity forecasting and issuing timely cyclone warnings. This intermediate course assumes basic familiarity with the subject and deepens practical, applied skills. Delivered as an in-person, station-based training programme with hands-on instruction. The course maps to the 'Cyclone warning' competency in the Capacity Connect competency framework and includes assessments to validate skill acquisition.","System.Object[]"
"C1079","Hands-on Cyclone Warning","Cyclone warning","Cyclone Warning","Advanced","Hybrid","8","1","50","System.Object[]","System.Object[]","True","2026-09-09","2026-09-16","completed","5","TRN20260108","5","20","86.5","4.3","90.1","Hands-on Cyclone Warning equips IMD personnel with the knowledge and skills required for tropical cyclone track and intensity forecasting and issuing timely cyclone warnings. This advanced course is designed for experienced officers seeking to master specialized techniques and lead operational deployment. Delivered in a hybrid format combining self-paced online modules with in-person practical sessions. The course maps to the 'Cyclone warning' competency in the Capacity Connect competency framework and includes assessments to validate skill acquisition.","System.Object[]"
"C1080","Introduction to Cyclone Warning","Cyclone warning","Cyclone Warning","Beginner","Online","8","1","30","System.Object[]","System.Object[]","False","2026-08-28","2026-09-04","completed","5","TRN20260108","8","6","89","4.7","72.3","Introduction to Cyclone Warning equips IMD personnel with the knowledge and skills required for tropical cyclone track and intensity forecasting and issuing timely cyclone warnings. This entry-level course builds foundational understanding for officers new to the subject, with no prior experience assumed. Delivered fully online through self-paced modules and live virtual sessions. The course maps to the 'Cyclone warning' competency in the Capacity Connect competency framework and includes assessments to validate skill acquisition.","System.Object[]"
"C1081","Cyclone Warning for New Recruits","Cyclone warning","Cyclone Warning","Beginner","Offline","40","5","50","System.Object[]","System.Object[]","False","2026-10-06","2026-11-10","upcoming","5","TRN20260108","5","28","73.8","3.9","77.1","Cyclone Warning for New Recruits equips IMD personnel with the knowledge and skills required for tropical cyclone track and intensity forecasting and issuing timely cyclone warnings. This entry-level course builds foundational understanding for officers new to the subject, with no prior experience assumed. Delivered as an in-person, station-based training programme with hands-on instruction. The course maps to the 'Cyclone warning' competency in the Capacity Connect competency framework and includes assessments to validate skill acquisition.","System.Object[]"
"C1082","Cyclone Warning Capstone Project","Cyclone warning","Cyclone Warning","Advanced","Hybrid","12","2","40","System.Object[]","System.Object[]","True","2026-10-27","2026-11-10","upcoming","5","TRN20260108","8","10","69.1","3.7","77.4","Cyclone Warning Capstone Project equips IMD personnel with the knowledge and skills required for tropical cyclone track and intensity forecasting and issuing timely cyclone warnings. This advanced course is designed for experienced officers seeking to master specialized techniques and lead operational deployment. Delivered in a hybrid format combining self-paced online modules with in-person practical sessions. The course maps to the 'Cyclone warning' competency in the Capacity Connect competency framework and includes assessments to validate skill acquisition.","System.Object[]"
"C1083","Cyclone Warning Bootcamp","Cyclone warning","Cyclone Warning","Beginner","Online","32","4","40","System.Object[]","System.Object[]","True","2026-11-02","2026-11-30","upcoming","5","TRN20260108","7","15","96","3.4","83.7","Cyclone Warning Bootcamp equips IMD personnel with the knowledge and skills required for tropical cyclone track and intensity forecasting and issuing timely cyclone warnings. This entry-level course builds foundational understanding for officers new to the subject, with no prior experience assumed. Delivered fully online through self-paced modules and live virtual sessions. The course maps to the 'Cyclone warning' competency in the Capacity Connect competency framework and includes assessments to validate skill acquisition.","System.Object[]"
"C1084","Foundations of Cyclone Warning","Cyclone warning","Cyclone Warning","Beginner","Offline","12","2","20","System.Object[]","System.Object[]","True","2026-07-28","2026-08-11","completed","5","TRN20260108","7","9","77.8","3.9","85.3","Foundations of Cyclone Warning equips IMD personnel with the knowledge and skills required for tropical cyclone track and intensity forecasting and issuing timely cyclone warnings. This entry-level course builds foundational understanding for officers new to the subject, with no prior experience assumed. Delivered as an in-person, station-based training programme with hands-on instruction. The course maps to the 'Cyclone warning' competency in the Capacity Connect competency framework and includes assessments to validate skill acquisition.","System.Object[]"
"C1085","Cyclone Warning: Case Studies from Indian Meteorology","Cyclone warning","Cyclone Warning","Advanced","Hybrid","8","1","25","System.Object[]","System.Object[]","True","2026-11-05","2026-11-12","upcoming","5","TRN20260108","5","8","60.8","3.3","66.7","Cyclone Warning: Case Studies from Indian Meteorology equips IMD personnel with the knowledge and skills required for tropical cyclone track and intensity forecasting and issuing timely cyclone warnings. This advanced course is designed for experienced officers seeking to master specialized techniques and lead operational deployment. Delivered in a hybrid format combining self-paced online modules with in-person practical sessions. The course maps to the 'Cyclone warning' competency in the Capacity Connect competency framework and includes assessments to validate skill acquisition.","System.Object[]"
"C1086","Specialized Cyclone Warning Training","Cyclone warning","Cyclone Warning","Beginner","Online","40","5","30","System.Object[]","System.Object[]","True","2026-11-30","2027-01-04","upcoming","5","TRN20260108","5","8","97.4","4.5","69.2","Specialized Cyclone Warning Training equips IMD personnel with the knowledge and skills required for tropical cyclone track and intensity forecasting and issuing timely cyclone warnings. This entry-level course builds foundational understanding for officers new to the subject, with no prior experience assumed. Delivered fully online through self-paced modules and live virtual sessions. The course maps to the 'Cyclone warning' competency in the Capacity Connect competency framework and includes assessments to validate skill acquisition.","System.Object[]"
"C1087","Cyclone Warning Refresher Course","Cyclone warning","Cyclone Warning","Intermediate","Offline","16","2","50","System.Object[]","System.Object[]","False","2026-05-26","2026-06-09","completed","5","TRN20260108","3","38","72.7","3.9","82.4","Cyclone Warning Refresher Course equips IMD personnel with the knowledge and skills required for tropical cyclone track and intensity forecasting and issuing timely cyclone warnings. This intermediate course assumes basic familiarity with the subject and deepens practical, applied skills. Delivered as an in-person, station-based training programme with hands-on instruction. The course maps to the 'Cyclone warning' competency in the Capacity Connect competency framework and includes assessments to validate skill acquisition.","System.Object[]"
"C1088","Cyclone Warning: Tools and Applications","Cyclone warning","Cyclone Warning","Advanced","Hybrid","32","4","20","System.Object[]","System.Object[]","False","2026-06-13","2026-07-11","completed","5","TRN20260108","4","6","90.7","4.1","71.9","Cyclone Warning: Tools and Applications equips IMD personnel with the knowledge and skills required for tropical cyclone track and intensity forecasting and issuing timely cyclone warnings. This advanced course is designed for experienced officers seeking to master specialized techniques and lead operational deployment. Delivered in a hybrid format combining self-paced online modules with in-person practical sessions. The course maps to the 'Cyclone warning' competency in the Capacity Connect competency framework and includes assessments to validate skill acquisition.","System.Object[]"
"C1089","Cyclone Warning in Operational Forecasting","Cyclone warning","Cyclone Warning","Beginner","Online","32","4","25","System.Object[]","System.Object[]","True","2027-01-14","2027-02-11","upcoming","5","TRN20260108","4","24","77.9","4.1","66.6","Cyclone Warning in Operational Forecasting equips IMD personnel with the knowledge and skills required for tropical cyclone track and intensity forecasting and issuing timely cyclone warnings. This entry-level course builds foundational understanding for officers new to the subject, with no prior experience assumed. Delivered fully online through self-paced modules and live virtual sessions. The course maps to the 'Cyclone warning' competency in the Capacity Connect competency framework and includes assessments to validate skill acquisition.","System.Object[]"
"C1090","Cyclone Warning for Decision Makers","Cyclone warning","Cyclone Warning","Intermediate","Offline","12","2","50","System.Object[]","System.Object[]","False","2026-04-07","2026-04-21","completed","5","TRN20260108","3","46","64.1","4.2","84.1","Cyclone Warning for Decision Makers equips IMD personnel with the knowledge and skills required for tropical cyclone track and intensity forecasting and issuing timely cyclone warnings. This intermediate course assumes basic familiarity with the subject and deepens practical, applied skills. Delivered as an in-person, station-based training programme with hands-on instruction. The course maps to the 'Cyclone warning' competency in the Capacity Connect competency framework and includes assessments to validate skill acquisition.","System.Object[]"
"C1091","Cyclone Warning Essentials","Cyclone warning","Cyclone Warning","Beginner","Hybrid","32","4","50","System.Object[]","System.Object[]","False","2026-08-30","2026-09-27","ongoing","5","TRN20260108","5","31","75.8","3.5","83.7","Cyclone Warning Essentials equips IMD personnel with the knowledge and skills required for tropical cyclone track and intensity forecasting and issuing timely cyclone warnings. This entry-level course builds foundational understanding for officers new to the subject, with no prior experience assumed. Delivered in a hybrid format combining self-paced online modules with in-person practical sessions. The course maps to the 'Cyclone warning' competency in the Capacity Connect competency framework and includes assessments to validate skill acquisition.","System.Object[]"
"C1092","Applied Cyclone Warning","Cyclone warning","Cyclone Warning","Beginner","Online","32","4","30","System.Object[]","System.Object[]","True","2026-10-23","2026-11-20","upcoming","5","TRN20260108","7","12","61.1","3.3","96.9","Applied Cyclone Warning equips IMD personnel with the knowledge and skills required for tropical cyclone track and intensity forecasting and issuing timely cyclone warnings. This entry-level course builds foundational understanding for officers new to the subject, with no prior experience assumed. Delivered fully online through self-paced modules and live virtual sessions. The course maps to the 'Cyclone warning' competency in the Capacity Connect competency framework and includes assessments to validate skill acquisition.","System.Object[]"
"C1093","Cyclone Warning for Field Officers","Cyclone warning","Cyclone Warning","Intermediate","Offline","40","5","25","System.Object[]","System.Object[]","False","2026-04-17","2026-05-22","completed","5","TRN20260108","7","19","96.6","3.6","73.8","Cyclone Warning for Field Officers equips IMD personnel with the knowledge and skills required for tropical cyclone track and intensity forecasting and issuing timely cyclone warnings. This intermediate course assumes basic familiarity with the subject and deepens practical, applied skills. Delivered as an in-person, station-based training programme with hands-on instruction. The course maps to the 'Cyclone warning' competency in the Capacity Connect competency framework and includes assessments to validate skill acquisition.","System.Object[]"
"C1094","Master Class: Cyclone Warning","Cyclone warning","Cyclone Warning","Advanced","Hybrid","20","2","50","System.Object[]","System.Object[]","False","2026-04-29","2026-05-13","completed","5","TRN20260108","6","8","79.5","3.5","81.6","Master Class: Cyclone Warning equips IMD personnel with the knowledge and skills required for tropical cyclone track and intensity forecasting and issuing timely cyclone warnings. This advanced course is designed for experienced officers seeking to master specialized techniques and lead operational deployment. Delivered in a hybrid format combining self-paced online modules with in-person practical sessions. The course maps to the 'Cyclone warning' competency in the Capacity Connect competency framework and includes assessments to validate skill acquisition.","System.Object[]"
"C1095","Cyclone Warning Best Practices","Cyclone warning","Cyclone Warning","Beginner","Online","24","3","40","System.Object[]","System.Object[]","False","2026-12-08","2026-12-29","upcoming","5","TRN20260108","4","40","95.4","4.5","67.8","Cyclone Warning Best Practices equips IMD personnel with the knowledge and skills required for tropical cyclone track and intensity forecasting and issuing timely cyclone warnings. This entry-level course builds foundational understanding for officers new to the subject, with no prior experience assumed. Delivered fully online through self-paced modules and live virtual sessions. The course maps to the 'Cyclone warning' competency in the Capacity Connect competency framework and includes assessments to validate skill acquisition.","System.Object[]"
"C107","Severe Weather & Nowcasting","Severe weather forecasting","Severe Weather Forecasting","Beginner","Online","32","4","50","System.Object[]","System.Object[]","True","2027-01-13","2027-02-10","upcoming","5","TRN20260131","5","43","75.4","4.8","90.5","Severe Weather & Nowcasting equips IMD personnel with the knowledge and skills required for identifying and forecasting thunderstorms, hailstorms and other severe convective weather. This entry-level course builds foundational understanding for officers new to the subject, with no prior experience assumed. Delivered fully online through self-paced modules and live virtual sessions. The course maps to the 'Severe weather forecasting' competency in the Capacity Connect competency framework and includes assessments to validate skill acquisition.","System.Object[]"
"C1096","Foundations of Severe Weather Forecasting","Severe weather forecasting","Severe Weather Forecasting","Beginner","Offline","32","4","20","System.Object[]","System.Object[]","False","2026-07-05","2026-08-02","completed","5","TRN20260131","4","11","55.8","3.7","65.9","Foundations of Severe Weather Forecasting equips IMD personnel with the knowledge and skills required for identifying and forecasting thunderstorms, hailstorms and other severe convective weather. This entry-level course builds foundational understanding for officers new to the subject, with no prior experience assumed. Delivered as an in-person, station-based training programme with hands-on instruction. The course maps to the 'Severe weather forecasting' competency in the Capacity Connect competency framework and includes assessments to validate skill acquisition.","System.Object[]"
"C1097","Severe Weather Forecasting for New Recruits","Severe weather forecasting","Severe Weather Forecasting","Beginner","Hybrid","24","3","50","System.Object[]","System.Object[]","False","2026-09-14","2026-10-05","ongoing","5","TRN20260131","4","29","68.5","3.5","95.6","Severe Weather Forecasting for New Recruits equips IMD personnel with the knowledge and skills required for identifying and forecasting thunderstorms, hailstorms and other severe convective weather. This entry-level course builds foundational understanding for officers new to the subject, with no prior experience assumed. Delivered in a hybrid format combining self-paced online modules with in-person practical sessions. The course maps to the 'Severe weather forecasting' competency in the Capacity Connect competency framework and includes assessments to validate skill acquisition.","System.Object[]"
"C1098","Intermediate Severe Weather Forecasting","Severe weather forecasting","Severe Weather Forecasting","Beginner","Online","32","4","30","System.Object[]","System.Object[]","False","2026-08-10","2026-09-07","completed","5","TRN20260131","4","15","75.6","4.2","96.4","Intermediate Severe Weather Forecasting equips IMD personnel with the knowledge and skills required for identifying and forecasting thunderstorms, hailstorms and other severe convective weather. This entry-level course builds foundational understanding for officers new to the subject, with no prior experience assumed. Delivered fully online through self-paced modules and live virtual sessions. The course maps to the 'Severe weather forecasting' competency in the Capacity Connect competency framework and includes assessments to validate skill acquisition.","System.Object[]"
"C1099","Severe Weather Forecasting Certification Program","Severe weather forecasting","Severe Weather Forecasting","Intermediate","Offline","8","1","50","System.Object[]","System.Object[]","False","2026-12-23","2026-12-30","upcoming","5","TRN20260131","3","33","83.2","4.5","68.3","Severe Weather Forecasting Certification Program equips IMD personnel with the knowledge and skills required for identifying and forecasting thunderstorms, hailstorms and other severe convective weather. This intermediate course assumes basic familiarity with the subject and deepens practical, applied skills. Delivered as an in-person, station-based training programme with hands-on instruction. The course maps to the 'Severe weather forecasting' competency in the Capacity Connect competency framework and includes assessments to validate skill acquisition.","System.Object[]"
"C1100","Severe Weather Forecasting: Tools and Applications","Severe weather forecasting","Severe Weather Forecasting","Advanced","Hybrid","24","3","30","System.Object[]","System.Object[]","True","2026-06-01","2026-06-22","completed","5","TRN20260131","7","8","72.8","4.4","63.9","Severe Weather Forecasting: Tools and Applications equips IMD personnel with the knowledge and skills required for identifying and forecasting thunderstorms, hailstorms and other severe convective weather. This advanced course is designed for experienced officers seeking to master specialized techniques and lead operational deployment. Delivered in a hybrid format combining self-paced online modules with in-person practical sessions. The course maps to the 'Severe weather forecasting' competency in the Capacity Connect competency framework and includes assessments to validate skill acquisition.","System.Object[]"
"C1101","Master Class: Severe Weather Forecasting","Severe weather forecasting","Severe Weather Forecasting","Beginner","Online","24","3","25","System.Object[]","System.Object[]","False","2026-06-20","2026-07-11","completed","5","TRN20260131","5","12","78","4.4","96.5","Master Class: Severe Weather Forecasting equips IMD personnel with the knowledge and skills required for identifying and forecasting thunderstorms, hailstorms and other severe convective weather. This entry-level course builds foundational understanding for officers new to the subject, with no prior experience assumed. Delivered fully online through self-paced modules and live virtual sessions. The course maps to the 'Severe weather forecasting' competency in the Capacity Connect competency framework and includes assessments to validate skill acquisition.","System.Object[]"
"C1102","Severe Weather Forecasting: Case Studies from Indian Meteorology","Severe weather forecasting","Severe Weather Forecasting","Intermediate","Offline","40","5","25","System.Object[]","System.Object[]","False","2026-11-10","2026-12-15","upcoming","5","TRN20260131","4","23","80.9","4.8","73.1","Severe Weather Forecasting: Case Studies from Indian Meteorology equips IMD personnel with the knowledge and skills required for identifying and forecasting thunderstorms, hailstorms and other severe convective weather. This intermediate course assumes basic familiarity with the subject and deepens practical, applied skills. Delivered as an in-person, station-based training programme with hands-on instruction. The course maps to the 'Severe weather forecasting' competency in the Capacity Connect competency framework and includes assessments to validate skill acquisition.","System.Object[]"
"C1103","Severe Weather Forecasting Workshop","Severe weather forecasting","Severe Weather Forecasting","Advanced","Hybrid","12","2","50","System.Object[]","System.Object[]","False","2026-06-20","2026-07-04","completed","5","TRN20260131","4","26","89","4.2","89.5","Severe Weather Forecasting Workshop equips IMD personnel with the knowledge and skills required for identifying and forecasting thunderstorms, hailstorms and other severe convective weather. This advanced course is designed for experienced officers seeking to master specialized techniques and lead operational deployment. Delivered in a hybrid format combining self-paced online modules with in-person practical sessions. The course maps to the 'Severe weather forecasting' competency in the Capacity Connect competency framework and includes assessments to validate skill acquisition.","System.Object[]"
"C1104","Severe Weather Forecasting in Operational Forecasting","Severe weather forecasting","Severe Weather Forecasting","Beginner","Online","40","5","40","System.Object[]","System.Object[]","False","2026-09-07","2026-10-12","ongoing","5","TRN20260131","4","21","71.5","4","70.4","Severe Weather Forecasting in Operational Forecasting equips IMD personnel with the knowledge and skills required for identifying and forecasting thunderstorms, hailstorms and other severe convective weather. This entry-level course builds foundational understanding for officers new to the subject, with no prior experience assumed. Delivered fully online through self-paced modules and live virtual sessions. The course maps to the 'Severe weather forecasting' competency in the Capacity Connect competency framework and includes assessments to validate skill acquisition.","System.Object[]"
"C1105","Applied Severe Weather Forecasting","Severe weather forecasting","Severe Weather Forecasting","Intermediate","Offline","24","3","50","System.Object[]","System.Object[]","False","2026-08-21","2026-09-11","completed","5","TRN20260131","8","50","88.1","4.4","84.9","Applied Severe Weather Forecasting equips IMD personnel with the knowledge and skills required for identifying and forecasting thunderstorms, hailstorms and other severe convective weather. This intermediate course assumes basic familiarity with the subject and deepens practical, applied skills. Delivered as an in-person, station-based training programme with hands-on instruction. The course maps to the 'Severe weather forecasting' competency in the Capacity Connect competency framework and includes assessments to validate skill acquisition.","System.Object[]"
"C1106","Severe Weather Forecasting for Regional Centres","Severe weather forecasting","Severe Weather Forecasting","Advanced","Hybrid","24","3","25","System.Object[]","System.Object[]","False","2026-12-17","2027-01-07","upcoming","5","TRN20260131","6","12","84.3","4.2","90.7","Severe Weather Forecasting for Regional Centres equips IMD personnel with the knowledge and skills required for identifying and forecasting thunderstorms, hailstorms and other severe convective weather. This advanced course is designed for experienced officers seeking to master specialized techniques and lead operational deployment. Delivered in a hybrid format combining self-paced online modules with in-person practical sessions. The course maps to the 'Severe weather forecasting' competency in the Capacity Connect competency framework and includes assessments to validate skill acquisition.","System.Object[]"
"C1107","Severe Weather Forecasting for Field Officers","Severe weather forecasting","Severe Weather Forecasting","Beginner","Online","24","3","30","System.Object[]","System.Object[]","False","2026-05-08","2026-05-29","completed","5","TRN20260131","7","19","60","3.5","82.7","Severe Weather Forecasting for Field Officers equips IMD personnel with the knowledge and skills required for identifying and forecasting thunderstorms, hailstorms and other severe convective weather. This entry-level course builds foundational understanding for officers new to the subject, with no prior experience assumed. Delivered fully online through self-paced modules and live virtual sessions. The course maps to the 'Severe weather forecasting' competency in the Capacity Connect competency framework and includes assessments to validate skill acquisition.","System.Object[]"
"C1108","Severe Weather Forecasting: Core Concepts","Severe weather forecasting","Severe Weather Forecasting","Intermediate","Offline","40","5","20","System.Object[]","System.Object[]","True","2026-09-15","2026-10-20","ongoing","5","TRN20260131","7","5","87.1","4.2","61.8","Severe Weather Forecasting: Core Concepts equips IMD personnel with the knowledge and skills required for identifying and forecasting thunderstorms, hailstorms and other severe convective weather. This intermediate course assumes basic familiarity with the subject and deepens practical, applied skills. Delivered as an in-person, station-based training programme with hands-on instruction. The course maps to the 'Severe weather forecasting' competency in the Capacity Connect competency framework and includes assessments to validate skill acquisition.","System.Object[]"
"C1109","Practical Lab: Severe Weather Forecasting","Severe weather forecasting","Severe Weather Forecasting","Advanced","Hybrid","24","3","20","System.Object[]","System.Object[]","True","2026-12-24","2027-01-14","upcoming","5","TRN20260131","6","17","71.2","4.4","85.8","Practical Lab: Severe Weather Forecasting equips IMD personnel with the knowledge and skills required for identifying and forecasting thunderstorms, hailstorms and other severe convective weather. This advanced course is designed for experienced officers seeking to master specialized techniques and lead operational deployment. Delivered in a hybrid format combining self-paced online modules with in-person practical sessions. The course maps to the 'Severe weather forecasting' competency in the Capacity Connect competency framework and includes assessments to validate skill acquisition.","System.Object[]"
"C1110","Severe Weather Forecasting for Decision Makers","Severe weather forecasting","Severe Weather Forecasting","Beginner","Online","32","4","30","System.Object[]","System.Object[]","True","2026-09-16","2026-10-14","ongoing","5","TRN20260131","7","18","77.9","4.6","69.7","Severe Weather Forecasting for Decision Makers equips IMD personnel with the knowledge and skills required for identifying and forecasting thunderstorms, hailstorms and other severe convective weather. This entry-level course builds foundational understanding for officers new to the subject, with no prior experience assumed. Delivered fully online through self-paced modules and live virtual sessions. The course maps to the 'Severe weather forecasting' competency in the Capacity Connect competency framework and includes assessments to validate skill acquisition.","System.Object[]"
"C1111","Severe Weather Forecasting Essentials","Severe weather forecasting","Severe Weather Forecasting","Beginner","Offline","16","2","25","System.Object[]","System.Object[]","True","2026-07-26","2026-08-09","completed","5","TRN20260131","4","6","74.2","4.3","94","Severe Weather Forecasting Essentials equips IMD personnel with the knowledge and skills required for identifying and forecasting thunderstorms, hailstorms and other severe convective weather. This entry-level course builds foundational understanding for officers new to the subject, with no prior experience assumed. Delivered as an in-person, station-based training programme with hands-on instruction. The course maps to the 'Severe weather forecasting' competency in the Capacity Connect competency framework and includes assessments to validate skill acquisition.","System.Object[]"
"C1112","Severe Weather Forecasting Bootcamp","Severe weather forecasting","Severe Weather Forecasting","Advanced","Hybrid","20","2","40","System.Object[]","System.Object[]","False","2026-07-22","2026-08-05","completed","5","TRN20260131","4","25","79.8","4.5","91.9","Severe Weather Forecasting Bootcamp equips IMD personnel with the knowledge and skills required for identifying and forecasting thunderstorms, hailstorms and other severe convective weather. This advanced course is designed for experienced officers seeking to master specialized techniques and lead operational deployment. Delivered in a hybrid format combining self-paced online modules with in-person practical sessions. The course maps to the 'Severe weather forecasting' competency in the Capacity Connect competency framework and includes assessments to validate skill acquisition.","System.Object[]"
"C1113","Severe Weather Forecasting Best Practices","Severe weather forecasting","Severe Weather Forecasting","Beginner","Online","12","2","50","System.Object[]","System.Object[]","False","2026-09-15","2026-09-29","ongoing","5","TRN20260131","3","45","84.2","4.1","61.8","Severe Weather Forecasting Best Practices equips IMD personnel with the knowledge and skills required for identifying and forecasting thunderstorms, hailstorms and other severe convective weather. This entry-level course builds foundational understanding for officers new to the subject, with no prior experience assumed. Delivered fully online through self-paced modules and live virtual sessions. The course maps to the 'Severe weather forecasting' competency in the Capacity Connect competency framework and includes assessments to validate skill acquisition.","System.Object[]"
"C1114","Specialized Severe Weather Forecasting Training","Severe weather forecasting","Severe Weather Forecasting","Intermediate","Offline","40","5","50","System.Object[]","System.Object[]","False","2026-10-20","2026-11-24","upcoming","5","TRN20260131","6","50","61.2","4","62.2","Specialized Severe Weather Forecasting Training equips IMD personnel with the knowledge and skills required for identifying and forecasting thunderstorms, hailstorms and other severe convective weather. This intermediate course assumes basic familiarity with the subject and deepens practical, applied skills. Delivered as an in-person, station-based training programme with hands-on instruction. The course maps to the 'Severe weather forecasting' competency in the Capacity Connect competency framework and includes assessments to validate skill acquisition.","System.Object[]"
"C1115","Severe Weather Forecasting Refresher Course","Severe weather forecasting","Severe Weather Forecasting","Advanced","Hybrid","24","3","50","System.Object[]","System.Object[]","True","2026-10-02","2026-10-23","upcoming","5","TRN20260131","4","10","78","4.6","62","Severe Weather Forecasting Refresher Course equips IMD personnel with the knowledge and skills required for identifying and forecasting thunderstorms, hailstorms and other severe convective weather. This advanced course is designed for experienced officers seeking to master specialized techniques and lead operational deployment. Delivered in a hybrid format combining self-paced online modules with in-person practical sessions. The course maps to the 'Severe weather forecasting' competency in the Capacity Connect competency framework and includes assessments to validate skill acquisition.","System.Object[]"
"C1116","Advanced Severe Weather Forecasting Techniques","Severe weather forecasting","Severe Weather Forecasting","Advanced","Online","40","5","20","System.Object[]","System.Object[]","True","2026-10-12","2026-11-16","upcoming","5","TRN20260131","5","20","94.3","4.4","87.4","Advanced Severe Weather Forecasting Techniques equips IMD personnel with the knowledge and skills required for identifying and forecasting thunderstorms, hailstorms and other severe convective weather. This advanced course is designed for experienced officers seeking to master specialized techniques and lead operational deployment. Delivered fully online through self-paced modules and live virtual sessions. The course maps to the 'Severe weather forecasting' competency in the Capacity Connect competency framework and includes assessments to validate skill acquisition.","System.Object[]"
"C1117","Severe Weather Forecasting Capstone Project","Severe weather forecasting","Severe Weather Forecasting","Intermediate","Offline","24","3","30","System.Object[]","System.Object[]","True","2026-09-02","2026-09-23","ongoing","5","TRN20260131","5","8","89.5","4.4","89.7","Severe Weather Forecasting Capstone Project equips IMD personnel with the knowledge and skills required for identifying and forecasting thunderstorms, hailstorms and other severe convective weather. This intermediate course assumes basic familiarity with the subject and deepens practical, applied skills. Delivered as an in-person, station-based training programme with hands-on instruction. The course maps to the 'Severe weather forecasting' competency in the Capacity Connect competency framework and includes assessments to validate skill acquisition.","System.Object[]"
"C1118","Hands-on Severe Weather Forecasting","Severe weather forecasting","Severe Weather Forecasting","Advanced","Hybrid","16","2","30","System.Object[]","System.Object[]","False","2026-07-18","2026-08-01","completed","5","TRN20260131","3","23","86","3.7","67.7","Hands-on Severe Weather Forecasting equips IMD personnel with the knowledge and skills required for identifying and forecasting thunderstorms, hailstorms and other severe convective weather. This advanced course is designed for experienced officers seeking to master specialized techniques and lead operational deployment. Delivered in a hybrid format combining self-paced online modules with in-person practical sessions. The course maps to the 'Severe weather forecasting' competency in the Capacity Connect competency framework and includes assessments to validate skill acquisition.","System.Object[]"
"C1119","Introduction to Severe Weather Forecasting","Severe weather forecasting","Severe Weather Forecasting","Beginner","Online","24","3","25","System.Object[]","System.Object[]","True","2026-04-30","2026-05-21","completed","5","TRN20260131","6","22","97.6","4.8","80.4","Introduction to Severe Weather Forecasting equips IMD personnel with the knowledge and skills required for identifying and forecasting thunderstorms, hailstorms and other severe convective weather. This entry-level course builds foundational understanding for officers new to the subject, with no prior experience assumed. Delivered fully online through self-paced modules and live virtual sessions. The course maps to the 'Severe weather forecasting' competency in the Capacity Connect competency framework and includes assessments to validate skill acquisition.","System.Object[]"
"C108","Numerical Weather Prediction","Numerical weather prediction","Numerical Weather Prediction","Beginner","Online","24","3","30","System.Object[]","System.Object[]","False","2026-08-06","2026-08-27","completed","5","TRN20260293","3","12","63.3","4.1","91.8","Numerical Weather Prediction equips IMD personnel with the knowledge and skills required for running, interpreting and post-processing outputs of numerical weather prediction (NWP) models. This entry-level course builds foundational understanding for officers new to the subject, with no prior experience assumed. Delivered fully online through self-paced modules and live virtual sessions. The course maps to the 'Numerical weather prediction' competency in the Capacity Connect competency framework and includes assessments to validate skill acquisition.","System.Object[]"
"C1120","Introduction to Numerical Weather Prediction","Numerical weather prediction","Numerical Weather Prediction","Beginner","Offline","8","1","30","System.Object[]","System.Object[]","True","2026-06-18","2026-06-25","completed","5","TRN20260293","5","17","78.8","3.3","60.4","Introduction to Numerical Weather Prediction equips IMD personnel with the knowledge and skills required for running, interpreting and post-processing outputs of numerical weather prediction (NWP) models. This entry-level course builds foundational understanding for officers new to the subject, with no prior experience assumed. Delivered as an in-person, station-based training programme with hands-on instruction. The course maps to the 'Numerical weather prediction' competency in the Capacity Connect competency framework and includes assessments to validate skill acquisition.","System.Object[]"
"C1121","Numerical Weather Prediction: Case Studies from Indian Meteorology","Numerical weather prediction","Numerical Weather Prediction","Advanced","Hybrid","20","2","40","System.Object[]","System.Object[]","True","2026-04-08","2026-04-22","completed","5","TRN20260293","4","9","84.4","3.7","81.2","Numerical Weather Prediction: Case Studies from Indian Meteorology equips IMD personnel with the knowledge and skills required for running, interpreting and post-processing outputs of numerical weather prediction (NWP) models. This advanced course is designed for experienced officers seeking to master specialized techniques and lead operational deployment. Delivered in a hybrid format combining self-paced online modules with in-person practical sessions. The course maps to the 'Numerical weather prediction' competency in the Capacity Connect competency framework and includes assessments to validate skill acquisition.","System.Object[]"
"C1122","Numerical Weather Prediction in Operational Forecasting","Numerical weather prediction","Numerical Weather Prediction","Beginner","Online","40","5","30","System.Object[]","System.Object[]","False","2026-05-02","2026-06-06","completed","5","TRN20260293","8","17","87.5","3.4","98.6","Numerical Weather Prediction in Operational Forecasting equips IMD personnel with the knowledge and skills required for running, interpreting and post-processing outputs of numerical weather prediction (NWP) models. This entry-level course builds foundational understanding for officers new to the subject, with no prior experience assumed. Delivered fully online through self-paced modules and live virtual sessions. The course maps to the 'Numerical weather prediction' competency in the Capacity Connect competency framework and includes assessments to validate skill acquisition.","System.Object[]"
"C1123","Intermediate Numerical Weather Prediction","Numerical weather prediction","Numerical Weather Prediction","Intermediate","Offline","8","1","20","System.Object[]","System.Object[]","False","2027-01-16","2027-01-23","upcoming","5","TRN20260293","7","16","78.8","3.8","67.2","Intermediate Numerical Weather Prediction equips IMD personnel with the knowledge and skills required for running, interpreting and post-processing outputs of numerical weather prediction (NWP) models. This intermediate course assumes basic familiarity with the subject and deepens practical, applied skills. Delivered as an in-person, station-based training programme with hands-on instruction. The course maps to the 'Numerical weather prediction' competency in the Capacity Connect competency framework and includes assessments to validate skill acquisition.","System.Object[]"
"C1124","Numerical Weather Prediction for Regional Centres","Numerical weather prediction","Numerical Weather Prediction","Advanced","Hybrid","8","1","50","System.Object[]","System.Object[]","True","2026-08-08","2026-08-15","completed","5","TRN20260293","5","11","58.9","4.8","77.3","Numerical Weather Prediction for Regional Centres equips IMD personnel with the knowledge and skills required for running, interpreting and post-processing outputs of numerical weather prediction (NWP) models. This advanced course is designed for experienced officers seeking to master specialized techniques and lead operational deployment. Delivered in a hybrid format combining self-paced online modules with in-person practical sessions. The course maps to the 'Numerical weather prediction' competency in the Capacity Connect competency framework and includes assessments to validate skill acquisition.","System.Object[]"
"C1125","Specialized Numerical Weather Prediction Training","Numerical weather prediction","Numerical Weather Prediction","Beginner","Online","12","2","20","System.Object[]","System.Object[]","True","2026-05-05","2026-05-19","completed","5","TRN20260293","7","15","92.1","3.2","76.1","Specialized Numerical Weather Prediction Training equips IMD personnel with the knowledge and skills required for running, interpreting and post-processing outputs of numerical weather prediction (NWP) models. This entry-level course builds foundational understanding for officers new to the subject, with no prior experience assumed. Delivered fully online through self-paced modules and live virtual sessions. The course maps to the 'Numerical weather prediction' competency in the Capacity Connect competency framework and includes assessments to validate skill acquisition.","System.Object[]"
"C1126","Applied Numerical Weather Prediction","Numerical weather prediction","Numerical Weather Prediction","Intermediate","Offline","24","3","50","System.Object[]","System.Object[]","False","2026-05-01","2026-05-22","completed","5","TRN20260293","5","15","73.7","3.9","78.9","Applied Numerical Weather Prediction equips IMD personnel with the knowledge and skills required for running, interpreting and post-processing outputs of numerical weather prediction (NWP) models. This intermediate course assumes basic familiarity with the subject and deepens practical, applied skills. Delivered as an in-person, station-based training programme with hands-on instruction. The course maps to the 'Numerical weather prediction' competency in the Capacity Connect competency framework and includes assessments to validate skill acquisition.","System.Object[]"
"C1127","Numerical Weather Prediction Bootcamp","Numerical weather prediction","Numerical Weather Prediction","Advanced","Hybrid","16","2","25","System.Object[]","System.Object[]","False","2026-09-07","2026-09-21","ongoing","5","TRN20260293","3","17","69.3","4.3","91.4","Numerical Weather Prediction Bootcamp equips IMD personnel with the knowledge and skills required for running, interpreting and post-processing outputs of numerical weather prediction (NWP) models. This advanced course is designed for experienced officers seeking to master specialized techniques and lead operational deployment. Delivered in a hybrid format combining self-paced online modules with in-person practical sessions. The course maps to the 'Numerical weather prediction' competency in the Capacity Connect competency framework and includes assessments to validate skill acquisition.","System.Object[]"
"C1128","Numerical Weather Prediction Capstone Project","Numerical weather prediction","Numerical Weather Prediction","Beginner","Online","16","2","40","System.Object[]","System.Object[]","True","2026-09-25","2026-10-09","upcoming","5","TRN20260293","6","20","69","3.7","90.6","Numerical Weather Prediction Capstone Project equips IMD personnel with the knowledge and skills required for running, interpreting and post-processing outputs of numerical weather prediction (NWP) models. This entry-level course builds foundational understanding for officers new to the subject, with no prior experience assumed. Delivered fully online through self-paced modules and live virtual sessions. The course maps to the 'Numerical weather prediction' competency in the Capacity Connect competency framework and includes assessments to validate skill acquisition.","System.Object[]"
"C1129","Numerical Weather Prediction Refresher Course","Numerical weather prediction","Numerical Weather Prediction","Intermediate","Offline","24","3","25","System.Object[]","System.Object[]","True","2026-10-02","2026-10-23","upcoming","5","TRN20260293","8","12","65.9","3.5","76.5","Numerical Weather Prediction Refresher Course equips IMD personnel with the knowledge and skills required for running, interpreting and post-processing outputs of numerical weather prediction (NWP) models. This intermediate course assumes basic familiarity with the subject and deepens practical, applied skills. Delivered as an in-person, station-based training programme with hands-on instruction. The course maps to the 'Numerical weather prediction' competency in the Capacity Connect competency framework and includes assessments to validate skill acquisition.","System.Object[]"
"C1130","Numerical Weather Prediction for Decision Makers","Numerical weather prediction","Numerical Weather Prediction","Advanced","Hybrid","20","2","50","System.Object[]","System.Object[]","False","2026-10-13","2026-10-27","upcoming","5","TRN20260293","7","15","82.8","3.3","98.4","Numerical Weather Prediction for Decision Makers equips IMD personnel with the knowledge and skills required for running, interpreting and post-processing outputs of numerical weather prediction (NWP) models. This advanced course is designed for experienced officers seeking to master specialized techniques and lead operational deployment. Delivered in a hybrid format combining self-paced online modules with in-person practical sessions. The course maps to the 'Numerical weather prediction' competency in the Capacity Connect competency framework and includes assessments to validate skill acquisition.","System.Object[]"
"C1131","Numerical Weather Prediction Data Handling and Quality Control","Numerical weather prediction","Numerical Weather Prediction","Beginner","Online","40","5","40","System.Object[]","System.Object[]","True","2026-12-04","2027-01-08","upcoming","5","TRN20260293","4","28","71.8","4.5","83","Numerical Weather Prediction Data Handling and Quality Control equips IMD personnel with the knowledge and skills required for running, interpreting and post-processing outputs of numerical weather prediction (NWP) models. This entry-level course builds foundational understanding for officers new to the subject, with no prior experience assumed. Delivered fully online through self-paced modules and live virtual sessions. The course maps to the 'Numerical weather prediction' competency in the Capacity Connect competency framework and includes assessments to validate skill acquisition.","System.Object[]"
"C1132","Numerical Weather Prediction for Field Officers","Numerical weather prediction","Numerical Weather Prediction","Intermediate","Offline","16","2","20","System.Object[]","System.Object[]","True","2026-11-21","2026-12-05","upcoming","5","TRN20260293","3","15","74.6","3.6","78.8","Numerical Weather Prediction for Field Officers equips IMD personnel with the knowledge and skills required for running, interpreting and post-processing outputs of numerical weather prediction (NWP) models. This intermediate course assumes basic familiarity with the subject and deepens practical, applied skills. Delivered as an in-person, station-based training programme with hands-on instruction. The course maps to the 'Numerical weather prediction' competency in the Capacity Connect competency framework and includes assessments to validate skill acquisition.","System.Object[]"
"C1133","Master Class: Numerical Weather Prediction","Numerical weather prediction","Numerical Weather Prediction","Advanced","Hybrid","20","2","40","System.Object[]","System.Object[]","False","2026-10-27","2026-11-10","upcoming","5","TRN20260293","3","20","77.2","4.1","72.9","Master Class: Numerical Weather Prediction equips IMD personnel with the knowledge and skills required for running, interpreting and post-processing outputs of numerical weather prediction (NWP) models. This advanced course is designed for experienced officers seeking to master specialized techniques and lead operational deployment. Delivered in a hybrid format combining self-paced online modules with in-person practical sessions. The course maps to the 'Numerical weather prediction' competency in the Capacity Connect competency framework and includes assessments to validate skill acquisition.","System.Object[]"
"C1134","Practical Lab: Numerical Weather Prediction","Numerical weather prediction","Numerical Weather Prediction","Beginner","Online","12","2","40","System.Object[]","System.Object[]","True","2026-04-24","2026-05-08","completed","5","TRN20260293","3","29","55.2","3.6","70.9","Practical Lab: Numerical Weather Prediction equips IMD personnel with the knowledge and skills required for running, interpreting and post-processing outputs of numerical weather prediction (NWP) models. This entry-level course builds foundational understanding for officers new to the subject, with no prior experience assumed. Delivered fully online through self-paced modules and live virtual sessions. The course maps to the 'Numerical weather prediction' competency in the Capacity Connect competency framework and includes assessments to validate skill acquisition.","System.Object[]"
"C1135","Numerical Weather Prediction Workshop","Numerical weather prediction","Numerical Weather Prediction","Intermediate","Offline","40","5","50","System.Object[]","System.Object[]","True","2026-11-12","2026-12-17","upcoming","5","TRN20260293","6","44","71.9","3.4","73.7","Numerical Weather Prediction Workshop equips IMD personnel with the knowledge and skills required for running, interpreting and post-processing outputs of numerical weather prediction (NWP) models. This intermediate course assumes basic familiarity with the subject and deepens practical, applied skills. Delivered as an in-person, station-based training programme with hands-on instruction. The course maps to the 'Numerical weather prediction' competency in the Capacity Connect competency framework and includes assessments to validate skill acquisition.","System.Object[]"
"C1136","Hands-on Numerical Weather Prediction","Numerical weather prediction","Numerical Weather Prediction","Advanced","Hybrid","40","5","30","System.Object[]","System.Object[]","False","2027-01-11","2027-02-15","upcoming","5","TRN20260293","4","27","61.1","3.9","83.3","Hands-on Numerical Weather Prediction equips IMD personnel with the knowledge and skills required for running, interpreting and post-processing outputs of numerical weather prediction (NWP) models. This advanced course is designed for experienced officers seeking to master specialized techniques and lead operational deployment. Delivered in a hybrid format combining self-paced online modules with in-person practical sessions. The course maps to the 'Numerical weather prediction' competency in the Capacity Connect competency framework and includes assessments to validate skill acquisition.","System.Object[]"
"C1137","Numerical Weather Prediction for New Recruits","Numerical weather prediction","Numerical Weather Prediction","Beginner","Online","20","2","25","System.Object[]","System.Object[]","False","2026-10-05","2026-10-19","upcoming","5","TRN20260293","5","16","95.9","4","67.6","Numerical Weather Prediction for New Recruits equips IMD personnel with the knowledge and skills required for running, interpreting and post-processing outputs of numerical weather prediction (NWP) models. This entry-level course builds foundational understanding for officers new to the subject, with no prior experience assumed. Delivered fully online through self-paced modules and live virtual sessions. The course maps to the 'Numerical weather prediction' competency in the Capacity Connect competency framework and includes assessments to validate skill acquisition.","System.Object[]"
"C1138","Numerical Weather Prediction: Core Concepts","Numerical weather prediction","Numerical Weather Prediction","Intermediate","Offline","20","2","40","System.Object[]","System.Object[]","True","2026-12-01","2026-12-15","upcoming","5","TRN20260293","7","23","62.2","4","89","Numerical Weather Prediction: Core Concepts equips IMD personnel with the knowledge and skills required for running, interpreting and post-processing outputs of numerical weather prediction (NWP) models. This intermediate course assumes basic familiarity with the subject and deepens practical, applied skills. Delivered as an in-person, station-based training programme with hands-on instruction. The course maps to the 'Numerical weather prediction' competency in the Capacity Connect competency framework and includes assessments to validate skill acquisition.","System.Object[]"
"C1139","Numerical Weather Prediction Certification Program","Numerical weather prediction","Numerical Weather Prediction","Advanced","Hybrid","24","3","20","System.Object[]","System.Object[]","True","2026-05-22","2026-06-12","completed","5","TRN20260293","7","13","70","4.6","77.1","Numerical Weather Prediction Certification Program equips IMD personnel with the knowledge and skills required for running, interpreting and post-processing outputs of numerical weather prediction (NWP) models. This advanced course is designed for experienced officers seeking to master specialized techniques and lead operational deployment. Delivered in a hybrid format combining self-paced online modules with in-person practical sessions. The course maps to the 'Numerical weather prediction' competency in the Capacity Connect competency framework and includes assessments to validate skill acquisition.","System.Object[]"
"C1140","Numerical Weather Prediction Essentials","Numerical weather prediction","Numerical Weather Prediction","Beginner","Online","12","2","50","System.Object[]","System.Object[]","False","2026-08-19","2026-09-02","completed","5","TRN20260293","4","39","67.1","4.1","72.6","Numerical Weather Prediction Essentials equips IMD personnel with the knowledge and skills required for running, interpreting and post-processing outputs of numerical weather prediction (NWP) models. This entry-level course builds foundational understanding for officers new to the subject, with no prior experience assumed. Delivered fully online through self-paced modules and live virtual sessions. The course maps to the 'Numerical weather prediction' competency in the Capacity Connect competency framework and includes assessments to validate skill acquisition.","System.Object[]"
"C1141","Advanced Numerical Weather Prediction Techniques","Numerical weather prediction","Numerical Weather Prediction","Advanced","Offline","24","3","30","System.Object[]","System.Object[]","True","2026-04-30","2026-05-21","completed","5","TRN20260293","8","23","82.2","4.3","74.6","Advanced Numerical Weather Prediction Techniques equips IMD personnel with the knowledge and skills required for running, interpreting and post-processing outputs of numerical weather prediction (NWP) models. This advanced course is designed for experienced officers seeking to master specialized techniques and lead operational deployment. Delivered as an in-person, station-based training programme with hands-on instruction. The course maps to the 'Numerical weather prediction' competency in the Capacity Connect competency framework and includes assessments to validate skill acquisition.","System.Object[]"
"C1142","Numerical Weather Prediction: Tools and Applications","Numerical weather prediction","Numerical Weather Prediction","Advanced","Hybrid","20","2","50","System.Object[]","System.Object[]","False","2026-12-01","2026-12-15","upcoming","5","TRN20260293","5","39","72.1","4.8","92.2","Numerical Weather Prediction: Tools and Applications equips IMD personnel with the knowledge and skills required for running, interpreting and post-processing outputs of numerical weather prediction (NWP) models. This advanced course is designed for experienced officers seeking to master specialized techniques and lead operational deployment. Delivered in a hybrid format combining self-paced online modules with in-person practical sessions. The course maps to the 'Numerical weather prediction' competency in the Capacity Connect competency framework and includes assessments to validate skill acquisition.","System.Object[]"
"C1143","Foundations of Numerical Weather Prediction","Numerical weather prediction","Numerical Weather Prediction","Beginner","Online","16","2","30","System.Object[]","System.Object[]","False","2026-05-29","2026-06-12","completed","5","TRN20260293","8","19","55","4.8","67.9","Foundations of Numerical Weather Prediction equips IMD personnel with the knowledge and skills required for running, interpreting and post-processing outputs of numerical weather prediction (NWP) models. This entry-level course builds foundational understanding for officers new to the subject, with no prior experience assumed. Delivered fully online through self-paced modules and live virtual sessions. The course maps to the 'Numerical weather prediction' competency in the Capacity Connect competency framework and includes assessments to validate skill acquisition.","System.Object[]"
"C109","Agrometeorological Advisory","Agromet advisory","Agromet Advisory","Beginner","Online","24","3","40","System.Object[]","System.Object[]","False","2026-05-14","2026-06-04","completed","5","TRN20260131","3","9","64.8","3.4","91.4","Agrometeorological Advisory equips IMD personnel with the knowledge and skills required for translating weather and climate information into actionable agromet advisories for farmers. This entry-level course builds foundational understanding for officers new to the subject, with no prior experience assumed. Delivered fully online through self-paced modules and live virtual sessions. The course maps to the 'Agromet advisory' competency in the Capacity Connect competency framework and includes assessments to validate skill acquisition.","System.Object[]"
"C1144","Agromet Advisory Data Handling and Quality Control","Agromet advisory","Agromet Advisory","Intermediate","Offline","16","2","30","System.Object[]","System.Object[]","True","2026-11-04","2026-11-18","upcoming","5","TRN20260131","8","28","64.2","4.5","95.9","Agromet Advisory Data Handling and Quality Control equips IMD personnel with the knowledge and skills required for translating weather and climate information into actionable agromet advisories for farmers. This intermediate course assumes basic familiarity with the subject and deepens practical, applied skills. Delivered as an in-person, station-based training programme with hands-on instruction. The course maps to the 'Agromet advisory' competency in the Capacity Connect competency framework and includes assessments to validate skill acquisition.","System.Object[]"
"C1145","Agromet Advisory: Case Studies from Indian Meteorology","Agromet advisory","Agromet Advisory","Advanced","Hybrid","8","1","20","System.Object[]","System.Object[]","True","2026-08-15","2026-08-22","completed","5","TRN20260131","6","7","65.7","4.2","88.1","Agromet Advisory: Case Studies from Indian Meteorology equips IMD personnel with the knowledge and skills required for translating weather and climate information into actionable agromet advisories for farmers. This advanced course is designed for experienced officers seeking to master specialized techniques and lead operational deployment. Delivered in a hybrid format combining self-paced online modules with in-person practical sessions. The course maps to the 'Agromet advisory' competency in the Capacity Connect competency framework and includes assessments to validate skill acquisition.","System.Object[]"
"C1146","Agromet Advisory in Operational Forecasting","Agromet advisory","Agromet Advisory","Beginner","Online","40","5","30","System.Object[]","System.Object[]","False","2026-03-29","2026-05-03","completed","5","TRN20260131","5","12","76.5","4.2","80.6","Agromet Advisory in Operational Forecasting equips IMD personnel with the knowledge and skills required for translating weather and climate information into actionable agromet advisories for farmers. This entry-level course builds foundational understanding for officers new to the subject, with no prior experience assumed. Delivered fully online through self-paced modules and live virtual sessions. The course maps to the 'Agromet advisory' competency in the Capacity Connect competency framework and includes assessments to validate skill acquisition.","System.Object[]"
"C1147","Agromet Advisory for Decision Makers","Agromet advisory","Agromet Advisory","Intermediate","Offline","16","2","25","System.Object[]","System.Object[]","False","2026-12-07","2026-12-21","upcoming","5","TRN20260131","6","11","56.7","3.3","90.8","Agromet Advisory for Decision Makers equips IMD personnel with the knowledge and skills required for translating weather and climate information into actionable agromet advisories for farmers. This intermediate course assumes basic familiarity with the subject and deepens practical, applied skills. Delivered as an in-person, station-based training programme with hands-on instruction. The course maps to the 'Agromet advisory' competency in the Capacity Connect competency framework and includes assessments to validate skill acquisition.","System.Object[]"
"C1148","Agromet Advisory: Tools and Applications","Agromet advisory","Agromet Advisory","Advanced","Hybrid","32","4","50","System.Object[]","System.Object[]","False","2026-04-25","2026-05-23","completed","5","TRN20260131","8","14","78.1","3.9","84.7","Agromet Advisory: Tools and Applications equips IMD personnel with the knowledge and skills required for translating weather and climate information into actionable agromet advisories for farmers. This advanced course is designed for experienced officers seeking to master specialized techniques and lead operational deployment. Delivered in a hybrid format combining self-paced online modules with in-person practical sessions. The course maps to the 'Agromet advisory' competency in the Capacity Connect competency framework and includes assessments to validate skill acquisition.","System.Object[]"
"C1149","Agromet Advisory Certification Program","Agromet advisory","Agromet Advisory","Beginner","Online","32","4","40","System.Object[]","System.Object[]","True","2026-03-29","2026-04-26","completed","5","TRN20260131","3","24","83.6","4.3","66.9","Agromet Advisory Certification Program equips IMD personnel with the knowledge and skills required for translating weather and climate information into actionable agromet advisories for farmers. This entry-level course builds foundational understanding for officers new to the subject, with no prior experience assumed. Delivered fully online through self-paced modules and live virtual sessions. The course maps to the 'Agromet advisory' competency in the Capacity Connect competency framework and includes assessments to validate skill acquisition.","System.Object[]"
"C1150","Foundations of Agromet Advisory","Agromet advisory","Agromet Advisory","Beginner","Offline","32","4","20","System.Object[]","System.Object[]","True","2027-01-12","2027-02-09","upcoming","5","TRN20260131","7","15","89.7","3.7","62.5","Foundations of Agromet Advisory equips IMD personnel with the knowledge and skills required for translating weather and climate information into actionable agromet advisories for farmers. This entry-level course builds foundational understanding for officers new to the subject, with no prior experience assumed. Delivered as an in-person, station-based training programme with hands-on instruction. The course maps to the 'Agromet advisory' competency in the Capacity Connect competency framework and includes assessments to validate skill acquisition.","System.Object[]"
"C1151","Master Class: Agromet Advisory","Agromet advisory","Agromet Advisory","Advanced","Hybrid","20","2","40","System.Object[]","System.Object[]","True","2026-03-29","2026-04-12","completed","5","TRN20260131","5","19","86.9","3.2","93.5","Master Class: Agromet Advisory equips IMD personnel with the knowledge and skills required for translating weather and climate information into actionable agromet advisories for farmers. This advanced course is designed for experienced officers seeking to master specialized techniques and lead operational deployment. Delivered in a hybrid format combining self-paced online modules with in-person practical sessions. The course maps to the 'Agromet advisory' competency in the Capacity Connect competency framework and includes assessments to validate skill acquisition.","System.Object[]"
"C1152","Specialized Agromet Advisory Training","Agromet advisory","Agromet Advisory","Beginner","Online","8","1","40","System.Object[]","System.Object[]","True","2026-04-18","2026-04-25","completed","5","TRN20260131","7","9","79.6","3.4","86.3","Specialized Agromet Advisory Training equips IMD personnel with the knowledge and skills required for translating weather and climate information into actionable agromet advisories for farmers. This entry-level course builds foundational understanding for officers new to the subject, with no prior experience assumed. Delivered fully online through self-paced modules and live virtual sessions. The course maps to the 'Agromet advisory' competency in the Capacity Connect competency framework and includes assessments to validate skill acquisition.","System.Object[]"
"C1153","Agromet Advisory Bootcamp","Agromet advisory","Agromet Advisory","Intermediate","Offline","12","2","50","System.Object[]","System.Object[]","False","2026-07-25","2026-08-08","completed","5","TRN20260131","5","5","70.9","3.7","90.6","Agromet Advisory Bootcamp equips IMD personnel with the knowledge and skills required for translating weather and climate information into actionable agromet advisories for farmers. This intermediate course assumes basic familiarity with the subject and deepens practical, applied skills. Delivered as an in-person, station-based training programme with hands-on instruction. The course maps to the 'Agromet advisory' competency in the Capacity Connect competency framework and includes assessments to validate skill acquisition.","System.Object[]"
"C1154","Intermediate Agromet Advisory","Agromet advisory","Agromet Advisory","Advanced","Hybrid","16","2","50","System.Object[]","System.Object[]","True","2026-09-10","2026-09-24","ongoing","5","TRN20260131","4","39","69.9","4.6","94.2","Intermediate Agromet Advisory equips IMD personnel with the knowledge and skills required for translating weather and climate information into actionable agromet advisories for farmers. This advanced course is designed for experienced officers seeking to master specialized techniques and lead operational deployment. Delivered in a hybrid format combining self-paced online modules with in-person practical sessions. The course maps to the 'Agromet advisory' competency in the Capacity Connect competency framework and includes assessments to validate skill acquisition.","System.Object[]"
"C1155","Agromet Advisory for Regional Centres","Agromet advisory","Agromet Advisory","Beginner","Online","40","5","40","System.Object[]","System.Object[]","False","2026-09-29","2026-11-03","upcoming","5","TRN20260131","6","19","93.6","4.1","87.3","Agromet Advisory for Regional Centres equips IMD personnel with the knowledge and skills required for translating weather and climate information into actionable agromet advisories for farmers. This entry-level course builds foundational understanding for officers new to the subject, with no prior experience assumed. Delivered fully online through self-paced modules and live virtual sessions. The course maps to the 'Agromet advisory' competency in the Capacity Connect competency framework and includes assessments to validate skill acquisition.","System.Object[]"
"C1156","Advanced Agromet Advisory Techniques","Agromet advisory","Agromet Advisory","Advanced","Offline","32","4","20","System.Object[]","System.Object[]","False","2026-09-06","2026-10-04","ongoing","5","TRN20260131","7","15","94.8","3.9","92.4","Advanced Agromet Advisory Techniques equips IMD personnel with the knowledge and skills required for translating weather and climate information into actionable agromet advisories for farmers. This advanced course is designed for experienced officers seeking to master specialized techniques and lead operational deployment. Delivered as an in-person, station-based training programme with hands-on instruction. The course maps to the 'Agromet advisory' competency in the Capacity Connect competency framework and includes assessments to validate skill acquisition.","System.Object[]"
"C1157","Agromet Advisory Refresher Course","Agromet advisory","Agromet Advisory","Advanced","Hybrid","20","2","30","System.Object[]","System.Object[]","False","2026-08-27","2026-09-10","completed","5","TRN20260131","7","8","78","4.8","68.1","Agromet Advisory Refresher Course equips IMD personnel with the knowledge and skills required for translating weather and climate information into actionable agromet advisories for farmers. This advanced course is designed for experienced officers seeking to master specialized techniques and lead operational deployment. Delivered in a hybrid format combining self-paced online modules with in-person practical sessions. The course maps to the 'Agromet advisory' competency in the Capacity Connect competency framework and includes assessments to validate skill acquisition.","System.Object[]"
"C1158","Agromet Advisory Workshop","Agromet advisory","Agromet Advisory","Beginner","Online","16","2","20","System.Object[]","System.Object[]","False","2026-04-17","2026-05-01","completed","5","TRN20260131","5","7","85.6","4.8","75.5","Agromet Advisory Workshop equips IMD personnel with the knowledge and skills required for translating weather and climate information into actionable agromet advisories for farmers. This entry-level course builds foundational understanding for officers new to the subject, with no prior experience assumed. Delivered fully online through self-paced modules and live virtual sessions. The course maps to the 'Agromet advisory' competency in the Capacity Connect competency framework and includes assessments to validate skill acquisition.","System.Object[]"
"C1159","Introduction to Agromet Advisory","Agromet advisory","Agromet Advisory","Beginner","Offline","16","2","25","System.Object[]","System.Object[]","False","2026-07-02","2026-07-16","completed","5","TRN20260131","7","5","57.7","4.5","68.7","Introduction to Agromet Advisory equips IMD personnel with the knowledge and skills required for translating weather and climate information into actionable agromet advisories for farmers. This entry-level course builds foundational understanding for officers new to the subject, with no prior experience assumed. Delivered as an in-person, station-based training programme with hands-on instruction. The course maps to the 'Agromet advisory' competency in the Capacity Connect competency framework and includes assessments to validate skill acquisition.","System.Object[]"
"C1160","Agromet Advisory Best Practices","Agromet advisory","Agromet Advisory","Advanced","Hybrid","16","2","20","System.Object[]","System.Object[]","False","2027-01-10","2027-01-24","upcoming","5","TRN20260131","4","8","56.8","4","66.6","Agromet Advisory Best Practices equips IMD personnel with the knowledge and skills required for translating weather and climate information into actionable agromet advisories for farmers. This advanced course is designed for experienced officers seeking to master specialized techniques and lead operational deployment. Delivered in a hybrid format combining self-paced online modules with in-person practical sessions. The course maps to the 'Agromet advisory' competency in the Capacity Connect competency framework and includes assessments to validate skill acquisition.","System.Object[]"
"C1161","Agromet Advisory for New Recruits","Agromet advisory","Agromet Advisory","Beginner","Online","40","5","40","System.Object[]","System.Object[]","False","2026-07-26","2026-08-30","completed","5","TRN20260131","4","22","74.2","3.5","84","Agromet Advisory for New Recruits equips IMD personnel with the knowledge and skills required for translating weather and climate information into actionable agromet advisories for farmers. This entry-level course builds foundational understanding for officers new to the subject, with no prior experience assumed. Delivered fully online through self-paced modules and live virtual sessions. The course maps to the 'Agromet advisory' competency in the Capacity Connect competency framework and includes assessments to validate skill acquisition.","System.Object[]"
"C1162","Agromet Advisory Capstone Project","Agromet advisory","Agromet Advisory","Intermediate","Offline","20","2","40","System.Object[]","System.Object[]","False","2026-09-22","2026-10-06","upcoming","5","TRN20260131","4","39","89.2","4.9","90.5","Agromet Advisory Capstone Project equips IMD personnel with the knowledge and skills required for translating weather and climate information into actionable agromet advisories for farmers. This intermediate course assumes basic familiarity with the subject and deepens practical, applied skills. Delivered as an in-person, station-based training programme with hands-on instruction. The course maps to the 'Agromet advisory' competency in the Capacity Connect competency framework and includes assessments to validate skill acquisition.","System.Object[]"
"C1163","Hands-on Agromet Advisory","Agromet advisory","Agromet Advisory","Advanced","Hybrid","24","3","40","System.Object[]","System.Object[]","False","2026-11-19","2026-12-10","upcoming","5","TRN20260131","3","6","93.5","4.5","62.3","Hands-on Agromet Advisory equips IMD personnel with the knowledge and skills required for translating weather and climate information into actionable agromet advisories for farmers. This advanced course is designed for experienced officers seeking to master specialized techniques and lead operational deployment. Delivered in a hybrid format combining self-paced online modules with in-person practical sessions. The course maps to the 'Agromet advisory' competency in the Capacity Connect competency framework and includes assessments to validate skill acquisition.","System.Object[]"
"C1164","Applied Agromet Advisory","Agromet advisory","Agromet Advisory","Beginner","Online","40","5","50","System.Object[]","System.Object[]","True","2026-09-22","2026-10-27","upcoming","5","TRN20260131","8","16","62.6","4.2","91.4","Applied Agromet Advisory equips IMD personnel with the knowledge and skills required for translating weather and climate information into actionable agromet advisories for farmers. This entry-level course builds foundational understanding for officers new to the subject, with no prior experience assumed. Delivered fully online through self-paced modules and live virtual sessions. The course maps to the 'Agromet advisory' competency in the Capacity Connect competency framework and includes assessments to validate skill acquisition.","System.Object[]"
"C1165","Agromet Advisory Essentials","Agromet advisory","Agromet Advisory","Beginner","Offline","32","4","30","System.Object[]","System.Object[]","True","2026-09-08","2026-10-06","ongoing","5","TRN20260131","4","12","80.9","3.2","78.6","Agromet Advisory Essentials equips IMD personnel with the knowledge and skills required for translating weather and climate information into actionable agromet advisories for farmers. This entry-level course builds foundational understanding for officers new to the subject, with no prior experience assumed. Delivered as an in-person, station-based training programme with hands-on instruction. The course maps to the 'Agromet advisory' competency in the Capacity Connect competency framework and includes assessments to validate skill acquisition.","System.Object[]"
"C1166","Agromet Advisory: Core Concepts","Agromet advisory","Agromet Advisory","Advanced","Hybrid","40","5","25","System.Object[]","System.Object[]","False","2026-09-30","2026-11-04","upcoming","5","TRN20260131","3","8","91.4","4.7","97.5","Agromet Advisory: Core Concepts equips IMD personnel with the knowledge and skills required for translating weather and climate information into actionable agromet advisories for farmers. This advanced course is designed for experienced officers seeking to master specialized techniques and lead operational deployment. Delivered in a hybrid format combining self-paced online modules with in-person practical sessions. The course maps to the 'Agromet advisory' competency in the Capacity Connect competency framework and includes assessments to validate skill acquisition.","System.Object[]"
"C1167","Practical Lab: Agromet Advisory","Agromet advisory","Agromet Advisory","Beginner","Online","24","3","20","System.Object[]","System.Object[]","True","2026-06-21","2026-07-12","completed","5","TRN20260131","8","10","71.3","4.4","71.5","Practical Lab: Agromet Advisory equips IMD personnel with the knowledge and skills required for translating weather and climate information into actionable agromet advisories for farmers. This entry-level course builds foundational understanding for officers new to the subject, with no prior experience assumed. Delivered fully online through self-paced modules and live virtual sessions. The course maps to the 'Agromet advisory' competency in the Capacity Connect competency framework and includes assessments to validate skill acquisition.","System.Object[]"
"C110","Climate Data Analysis","Climate data analysis","Climate Data Analysis","Beginner","Online","12","2","25","System.Object[]","System.Object[]","False","2026-12-27","2027-01-10","upcoming","5","TRN20260182","3","10","93","4","74.8","Climate Data Analysis equips IMD personnel with the knowledge and skills required for quality-controlling, analysing and interpreting long-term climate datasets and trends. This entry-level course builds foundational understanding for officers new to the subject, with no prior experience assumed. Delivered fully online through self-paced modules and live virtual sessions. The course maps to the 'Climate data analysis' competency in the Capacity Connect competency framework and includes assessments to validate skill acquisition.","System.Object[]"
"C1168","Advanced Climate Data Analysis Techniques","Climate data analysis","Climate Data Analysis","Advanced","Offline","8","1","40","System.Object[]","System.Object[]","True","2026-12-28","2027-01-04","upcoming","5","TRN20260182","5","26","62.3","3.8","88.5","Advanced Climate Data Analysis Techniques equips IMD personnel with the knowledge and skills required for quality-controlling, analysing and interpreting long-term climate datasets and trends. This advanced course is designed for experienced officers seeking to master specialized techniques and lead operational deployment. Delivered as an in-person, station-based training programme with hands-on instruction. The course maps to the 'Climate data analysis' competency in the Capacity Connect competency framework and includes assessments to validate skill acquisition.","System.Object[]"
"C1169","Climate Data Analysis Best Practices","Climate data analysis","Climate Data Analysis","Advanced","Hybrid","16","2","50","System.Object[]","System.Object[]","False","2026-08-05","2026-08-19","completed","5","TRN20260182","7","31","85","4.4","88.5","Climate Data Analysis Best Practices equips IMD personnel with the knowledge and skills required for quality-controlling, analysing and interpreting long-term climate datasets and trends. This advanced course is designed for experienced officers seeking to master specialized techniques and lead operational deployment. Delivered in a hybrid format combining self-paced online modules with in-person practical sessions. The course maps to the 'Climate data analysis' competency in the Capacity Connect competency framework and includes assessments to validate skill acquisition.","System.Object[]"
"C1170","Climate Data Analysis Workshop","Climate data analysis","Climate Data Analysis","Beginner","Online","16","2","25","System.Object[]","System.Object[]","True","2026-05-11","2026-05-25","completed","5","TRN20260182","7","14","90.4","4.3","78.7","Climate Data Analysis Workshop equips IMD personnel with the knowledge and skills required for quality-controlling, analysing and interpreting long-term climate datasets and trends. This entry-level course builds foundational understanding for officers new to the subject, with no prior experience assumed. Delivered fully online through self-paced modules and live virtual sessions. The course maps to the 'Climate data analysis' competency in the Capacity Connect competency framework and includes assessments to validate skill acquisition.","System.Object[]"
"C1171","Climate Data Analysis for New Recruits","Climate data analysis","Climate Data Analysis","Beginner","Offline","12","2","25","System.Object[]","System.Object[]","False","2026-04-14","2026-04-28","completed","5","TRN20260182","6","10","71","3.8","67.3","Climate Data Analysis for New Recruits equips IMD personnel with the knowledge and skills required for quality-controlling, analysing and interpreting long-term climate datasets and trends. This entry-level course builds foundational understanding for officers new to the subject, with no prior experience assumed. Delivered as an in-person, station-based training programme with hands-on instruction. The course maps to the 'Climate data analysis' competency in the Capacity Connect competency framework and includes assessments to validate skill acquisition.","System.Object[]"
"C1172","Climate Data Analysis for Regional Centres","Climate data analysis","Climate Data Analysis","Advanced","Hybrid","20","2","40","System.Object[]","System.Object[]","True","2026-07-17","2026-07-31","completed","5","TRN20260182","3","27","89.8","3.9","89.5","Climate Data Analysis for Regional Centres equips IMD personnel with the knowledge and skills required for quality-controlling, analysing and interpreting long-term climate datasets and trends. This advanced course is designed for experienced officers seeking to master specialized techniques and lead operational deployment. Delivered in a hybrid format combining self-paced online modules with in-person practical sessions. The course maps to the 'Climate data analysis' competency in the Capacity Connect competency framework and includes assessments to validate skill acquisition.","System.Object[]"
"C1173","Foundations of Climate Data Analysis","Climate data analysis","Climate Data Analysis","Beginner","Online","40","5","40","System.Object[]","System.Object[]","False","2026-05-23","2026-06-27","completed","5","TRN20260182","6","38","89.4","4.4","84.2","Foundations of Climate Data Analysis equips IMD personnel with the knowledge and skills required for quality-controlling, analysing and interpreting long-term climate datasets and trends. This entry-level course builds foundational understanding for officers new to the subject, with no prior experience assumed. Delivered fully online through self-paced modules and live virtual sessions. The course maps to the 'Climate data analysis' competency in the Capacity Connect competency framework and includes assessments to validate skill acquisition.","System.Object[]"
"C1174","Practical Lab: Climate Data Analysis","Climate data analysis","Climate Data Analysis","Intermediate","Offline","12","2","25","System.Object[]","System.Object[]","False","2026-10-07","2026-10-21","upcoming","5","TRN20260182","6","15","94.2","4.8","62.6","Practical Lab: Climate Data Analysis equips IMD personnel with the knowledge and skills required for quality-controlling, analysing and interpreting long-term climate datasets and trends. This intermediate course assumes basic familiarity with the subject and deepens practical, applied skills. Delivered as an in-person, station-based training programme with hands-on instruction. The course maps to the 'Climate data analysis' competency in the Capacity Connect competency framework and includes assessments to validate skill acquisition.","System.Object[]"
"C1175","Climate Data Analysis Bootcamp","Climate data analysis","Climate Data Analysis","Advanced","Hybrid","24","3","30","System.Object[]","System.Object[]","True","2026-05-16","2026-06-06","completed","5","TRN20260182","7","23","80.1","4.8","63.9","Climate Data Analysis Bootcamp equips IMD personnel with the knowledge and skills required for quality-controlling, analysing and interpreting long-term climate datasets and trends. This advanced course is designed for experienced officers seeking to master specialized techniques and lead operational deployment. Delivered in a hybrid format combining self-paced online modules with in-person practical sessions. The course maps to the 'Climate data analysis' competency in the Capacity Connect competency framework and includes assessments to validate skill acquisition.","System.Object[]"
"C1176","Climate Data Analysis for Decision Makers","Climate data analysis","Climate Data Analysis","Beginner","Online","40","5","30","System.Object[]","System.Object[]","False","2026-04-17","2026-05-22","completed","5","TRN20260182","7","6","72","4.7","86.9","Climate Data Analysis for Decision Makers equips IMD personnel with the knowledge and skills required for quality-controlling, analysing and interpreting long-term climate datasets and trends. This entry-level course builds foundational understanding for officers new to the subject, with no prior experience assumed. Delivered fully online through self-paced modules and live virtual sessions. The course maps to the 'Climate data analysis' competency in the Capacity Connect competency framework and includes assessments to validate skill acquisition.","System.Object[]"
"C1177","Climate Data Analysis: Tools and Applications","Climate data analysis","Climate Data Analysis","Intermediate","Offline","16","2","30","System.Object[]","System.Object[]","False","2026-08-07","2026-08-21","completed","5","TRN20260182","5","14","96.9","4","92.2","Climate Data Analysis: Tools and Applications equips IMD personnel with the knowledge and skills required for quality-controlling, analysing and interpreting long-term climate datasets and trends. This intermediate course assumes basic familiarity with the subject and deepens practical, applied skills. Delivered as an in-person, station-based training programme with hands-on instruction. The course maps to the 'Climate data analysis' competency in the Capacity Connect competency framework and includes assessments to validate skill acquisition.","System.Object[]"
"C1178","Climate Data Analysis Data Handling and Quality Control","Climate data analysis","Climate Data Analysis","Advanced","Hybrid","24","3","20","System.Object[]","System.Object[]","True","2026-04-06","2026-04-27","completed","5","TRN20260182","8","17","60.8","4.6","94.3","Climate Data Analysis Data Handling and Quality Control equips IMD personnel with the knowledge and skills required for quality-controlling, analysing and interpreting long-term climate datasets and trends. This advanced course is designed for experienced officers seeking to master specialized techniques and lead operational deployment. Delivered in a hybrid format combining self-paced online modules with in-person practical sessions. The course maps to the 'Climate data analysis' competency in the Capacity Connect competency framework and includes assessments to validate skill acquisition.","System.Object[]"
"C1179","Climate Data Analysis Essentials","Climate data analysis","Climate Data Analysis","Beginner","Online","12","2","25","System.Object[]","System.Object[]","True","2026-05-25","2026-06-08","completed","5","TRN20260182","3","16","90.4","4.1","84.8","Climate Data Analysis Essentials equips IMD personnel with the knowledge and skills required for quality-controlling, analysing and interpreting long-term climate datasets and trends. This entry-level course builds foundational understanding for officers new to the subject, with no prior experience assumed. Delivered fully online through self-paced modules and live virtual sessions. The course maps to the 'Climate data analysis' competency in the Capacity Connect competency framework and includes assessments to validate skill acquisition.","System.Object[]"
"C1180","Applied Climate Data Analysis","Climate data analysis","Climate Data Analysis","Intermediate","Offline","12","2","30","System.Object[]","System.Object[]","True","2026-07-10","2026-07-24","completed","5","TRN20260182","7","17","57.1","4.7","90.4","Applied Climate Data Analysis equips IMD personnel with the knowledge and skills required for quality-controlling, analysing and interpreting long-term climate datasets and trends. This intermediate course assumes basic familiarity with the subject and deepens practical, applied skills. Delivered as an in-person, station-based training programme with hands-on instruction. The course maps to the 'Climate data analysis' competency in the Capacity Connect competency framework and includes assessments to validate skill acquisition.","System.Object[]"
"C1181","Master Class: Climate Data Analysis","Climate data analysis","Climate Data Analysis","Advanced","Hybrid","32","4","25","System.Object[]","System.Object[]","False","2026-07-12","2026-08-09","completed","5","TRN20260182","8","18","93.5","4.6","77.9","Master Class: Climate Data Analysis equips IMD personnel with the knowledge and skills required for quality-controlling, analysing and interpreting long-term climate datasets and trends. This advanced course is designed for experienced officers seeking to master specialized techniques and lead operational deployment. Delivered in a hybrid format combining self-paced online modules with in-person practical sessions. The course maps to the 'Climate data analysis' competency in the Capacity Connect competency framework and includes assessments to validate skill acquisition.","System.Object[]"
"C1182","Climate Data Analysis: Core Concepts","Climate data analysis","Climate Data Analysis","Beginner","Online","16","2","50","System.Object[]","System.Object[]","True","2026-08-22","2026-09-05","completed","5","TRN20260182","7","22","82.5","4.7","70.2","Climate Data Analysis: Core Concepts equips IMD personnel with the knowledge and skills required for quality-controlling, analysing and interpreting long-term climate datasets and trends. This entry-level course builds foundational understanding for officers new to the subject, with no prior experience assumed. Delivered fully online through self-paced modules and live virtual sessions. The course maps to the 'Climate data analysis' competency in the Capacity Connect competency framework and includes assessments to validate skill acquisition.","System.Object[]"
"C1183","Specialized Climate Data Analysis Training","Climate data analysis","Climate Data Analysis","Intermediate","Offline","12","2","50","System.Object[]","System.Object[]","True","2027-01-09","2027-01-23","upcoming","5","TRN20260182","6","31","72.4","4.5","82.7","Specialized Climate Data Analysis Training equips IMD personnel with the knowledge and skills required for quality-controlling, analysing and interpreting long-term climate datasets and trends. This intermediate course assumes basic familiarity with the subject and deepens practical, applied skills. Delivered as an in-person, station-based training programme with hands-on instruction. The course maps to the 'Climate data analysis' competency in the Capacity Connect competency framework and includes assessments to validate skill acquisition.","System.Object[]"
"C1184","Intermediate Climate Data Analysis","Climate data analysis","Climate Data Analysis","Advanced","Hybrid","16","2","25","System.Object[]","System.Object[]","False","2026-06-24","2026-07-08","completed","5","TRN20260182","4","20","60.5","3.6","91.5","Intermediate Climate Data Analysis equips IMD personnel with the knowledge and skills required for quality-controlling, analysing and interpreting long-term climate datasets and trends. This advanced course is designed for experienced officers seeking to master specialized techniques and lead operational deployment. Delivered in a hybrid format combining self-paced online modules with in-person practical sessions. The course maps to the 'Climate data analysis' competency in the Capacity Connect competency framework and includes assessments to validate skill acquisition.","System.Object[]"
"C1185","Climate Data Analysis Certification Program","Climate data analysis","Climate Data Analysis","Beginner","Online","32","4","20","System.Object[]","System.Object[]","True","2027-01-15","2027-02-12","upcoming","5","TRN20260182","5","14","74.9","3.4","62.1","Climate Data Analysis Certification Program equips IMD personnel with the knowledge and skills required for quality-controlling, analysing and interpreting long-term climate datasets and trends. This entry-level course builds foundational understanding for officers new to the subject, with no prior experience assumed. Delivered fully online through self-paced modules and live virtual sessions. The course maps to the 'Climate data analysis' competency in the Capacity Connect competency framework and includes assessments to validate skill acquisition.","System.Object[]"
"C1186","Climate Data Analysis Refresher Course","Climate data analysis","Climate Data Analysis","Intermediate","Offline","20","2","25","System.Object[]","System.Object[]","True","2026-06-23","2026-07-07","completed","5","TRN20260182","6","23","93.4","4.9","65.6","Climate Data Analysis Refresher Course equips IMD personnel with the knowledge and skills required for quality-controlling, analysing and interpreting long-term climate datasets and trends. This intermediate course assumes basic familiarity with the subject and deepens practical, applied skills. Delivered as an in-person, station-based training programme with hands-on instruction. The course maps to the 'Climate data analysis' competency in the Capacity Connect competency framework and includes assessments to validate skill acquisition.","System.Object[]"
"C1187","Climate Data Analysis for Field Officers","Climate data analysis","Climate Data Analysis","Advanced","Hybrid","20","2","30","System.Object[]","System.Object[]","False","2026-10-28","2026-11-11","upcoming","5","TRN20260182","6","30","87.8","3.3","84","Climate Data Analysis for Field Officers equips IMD personnel with the knowledge and skills required for quality-controlling, analysing and interpreting long-term climate datasets and trends. This advanced course is designed for experienced officers seeking to master specialized techniques and lead operational deployment. Delivered in a hybrid format combining self-paced online modules with in-person practical sessions. The course maps to the 'Climate data analysis' competency in the Capacity Connect competency framework and includes assessments to validate skill acquisition.","System.Object[]"
"C1188","Introduction to Climate Data Analysis","Climate data analysis","Climate Data Analysis","Beginner","Online","20","2","40","System.Object[]","System.Object[]","False","2026-10-05","2026-10-19","upcoming","5","TRN20260182","8","19","84.8","3.8","65","Introduction to Climate Data Analysis equips IMD personnel with the knowledge and skills required for quality-controlling, analysing and interpreting long-term climate datasets and trends. This entry-level course builds foundational understanding for officers new to the subject, with no prior experience assumed. Delivered fully online through self-paced modules and live virtual sessions. The course maps to the 'Climate data analysis' competency in the Capacity Connect competency framework and includes assessments to validate skill acquisition.","System.Object[]"
"C1189","Hands-on Climate Data Analysis","Climate data analysis","Climate Data Analysis","Intermediate","Offline","12","2","20","System.Object[]","System.Object[]","True","2026-10-15","2026-10-29","upcoming","5","TRN20260182","8","16","87.3","3.5","95.4","Hands-on Climate Data Analysis equips IMD personnel with the knowledge and skills required for quality-controlling, analysing and interpreting long-term climate datasets and trends. This intermediate course assumes basic familiarity with the subject and deepens practical, applied skills. Delivered as an in-person, station-based training programme with hands-on instruction. The course maps to the 'Climate data analysis' competency in the Capacity Connect competency framework and includes assessments to validate skill acquisition.","System.Object[]"
"C1190","Climate Data Analysis in Operational Forecasting","Climate data analysis","Climate Data Analysis","Advanced","Hybrid","12","2","25","System.Object[]","System.Object[]","True","2026-04-16","2026-04-30","completed","5","TRN20260182","3","25","66","4.1","61.9","Climate Data Analysis in Operational Forecasting equips IMD personnel with the knowledge and skills required for quality-controlling, analysing and interpreting long-term climate datasets and trends. This advanced course is designed for experienced officers seeking to master specialized techniques and lead operational deployment. Delivered in a hybrid format combining self-paced online modules with in-person practical sessions. The course maps to the 'Climate data analysis' competency in the Capacity Connect competency framework and includes assessments to validate skill acquisition.","System.Object[]"
"C1191","Climate Data Analysis: Case Studies from Indian Meteorology","Climate data analysis","Climate Data Analysis","Beginner","Online","32","4","20","System.Object[]","System.Object[]","True","2026-08-08","2026-09-05","completed","5","TRN20260182","6","5","67.9","4.3","85.8","Climate Data Analysis: Case Studies from Indian Meteorology equips IMD personnel with the knowledge and skills required for quality-controlling, analysing and interpreting long-term climate datasets and trends. This entry-level course builds foundational understanding for officers new to the subject, with no prior experience assumed. Delivered fully online through self-paced modules and live virtual sessions. The course maps to the 'Climate data analysis' competency in the Capacity Connect competency framework and includes assessments to validate skill acquisition.","System.Object[]"
"C112","Seismology Fundamentals","Seismology","Seismology","Beginner","Online","16","2","25","System.Object[]","System.Object[]","True","2026-08-01","2026-08-15","completed","5","TRN20260113","3","7","88.5","3.3","88.2","Seismology Fundamentals equips IMD personnel with the knowledge and skills required for seismic monitoring, earthquake data interpretation and basic seismological network operations. This entry-level course builds foundational understanding for officers new to the subject, with no prior experience assumed. Delivered fully online through self-paced modules and live virtual sessions. The course maps to the 'Seismology' competency in the Capacity Connect competency framework and includes assessments to validate skill acquisition.","System.Object[]"
"C1192","Seismology Certification Program","Seismology","Seismology","Intermediate","Offline","20","2","30","System.Object[]","System.Object[]","True","2026-04-15","2026-04-29","completed","5","TRN20260113","3","18","86.8","3.4","89.6","Seismology Certification Program equips IMD personnel with the knowledge and skills required for seismic monitoring, earthquake data interpretation and basic seismological network operations. This intermediate course assumes basic familiarity with the subject and deepens practical, applied skills. Delivered as an in-person, station-based training programme with hands-on instruction. The course maps to the 'Seismology' competency in the Capacity Connect competency framework and includes assessments to validate skill acquisition.","System.Object[]"
"C1193","Seismology Refresher Course","Seismology","Seismology","Advanced","Hybrid","40","5","25","System.Object[]","System.Object[]","True","2026-06-16","2026-07-21","completed","5","TRN20260113","8","17","84.7","4","76.4","Seismology Refresher Course equips IMD personnel with the knowledge and skills required for seismic monitoring, earthquake data interpretation and basic seismological network operations. This advanced course is designed for experienced officers seeking to master specialized techniques and lead operational deployment. Delivered in a hybrid format combining self-paced online modules with in-person practical sessions. The course maps to the 'Seismology' competency in the Capacity Connect competency framework and includes assessments to validate skill acquisition.","System.Object[]"
"C1194","Applied Seismology","Seismology","Seismology","Beginner","Online","12","2","20","System.Object[]","System.Object[]","False","2026-05-28","2026-06-11","completed","5","TRN20260113","6","5","92.1","4.7","88.4","Applied Seismology equips IMD personnel with the knowledge and skills required for seismic monitoring, earthquake data interpretation and basic seismological network operations. This entry-level course builds foundational understanding for officers new to the subject, with no prior experience assumed. Delivered fully online through self-paced modules and live virtual sessions. The course maps to the 'Seismology' competency in the Capacity Connect competency framework and includes assessments to validate skill acquisition.","System.Object[]"
"C1195","Seismology Bootcamp","Seismology","Seismology","Intermediate","Offline","20","2","20","System.Object[]","System.Object[]","True","2026-10-06","2026-10-20","upcoming","5","TRN20260113","8","8","73.6","4.4","78.8","Seismology Bootcamp equips IMD personnel with the knowledge and skills required for seismic monitoring, earthquake data interpretation and basic seismological network operations. This intermediate course assumes basic familiarity with the subject and deepens practical, applied skills. Delivered as an in-person, station-based training programme with hands-on instruction. The course maps to the 'Seismology' competency in the Capacity Connect competency framework and includes assessments to validate skill acquisition.","System.Object[]"
"C1196","Foundations of Seismology","Seismology","Seismology","Beginner","Hybrid","40","5","50","System.Object[]","System.Object[]","True","2026-10-15","2026-11-19","upcoming","5","TRN20260113","6","22","57.2","3.6","85.1","Foundations of Seismology equips IMD personnel with the knowledge and skills required for seismic monitoring, earthquake data interpretation and basic seismological network operations. This entry-level course builds foundational understanding for officers new to the subject, with no prior experience assumed. Delivered in a hybrid format combining self-paced online modules with in-person practical sessions. The course maps to the 'Seismology' competency in the Capacity Connect competency framework and includes assessments to validate skill acquisition.","System.Object[]"
"C1197","Introduction to Seismology","Seismology","Seismology","Beginner","Online","8","1","40","System.Object[]","System.Object[]","False","2026-05-08","2026-05-15","completed","5","TRN20260113","5","30","72.7","4.1","60","Introduction to Seismology equips IMD personnel with the knowledge and skills required for seismic monitoring, earthquake data interpretation and basic seismological network operations. This entry-level course builds foundational understanding for officers new to the subject, with no prior experience assumed. Delivered fully online through self-paced modules and live virtual sessions. The course maps to the 'Seismology' competency in the Capacity Connect competency framework and includes assessments to validate skill acquisition.","System.Object[]"
"C1198","Seismology: Core Concepts","Seismology","Seismology","Intermediate","Offline","24","3","50","System.Object[]","System.Object[]","False","2026-09-25","2026-10-16","upcoming","5","TRN20260113","3","40","88","4.2","87.9","Seismology: Core Concepts equips IMD personnel with the knowledge and skills required for seismic monitoring, earthquake data interpretation and basic seismological network operations. This intermediate course assumes basic familiarity with the subject and deepens practical, applied skills. Delivered as an in-person, station-based training programme with hands-on instruction. The course maps to the 'Seismology' competency in the Capacity Connect competency framework and includes assessments to validate skill acquisition.","System.Object[]"
"C1199","Seismology Capstone Project","Seismology","Seismology","Advanced","Hybrid","8","1","20","System.Object[]","System.Object[]","True","2026-10-10","2026-10-17","upcoming","5","TRN20260113","7","18","59.6","4.2","67.3","Seismology Capstone Project equips IMD personnel with the knowledge and skills required for seismic monitoring, earthquake data interpretation and basic seismological network operations. This advanced course is designed for experienced officers seeking to master specialized techniques and lead operational deployment. Delivered in a hybrid format combining self-paced online modules with in-person practical sessions. The course maps to the 'Seismology' competency in the Capacity Connect competency framework and includes assessments to validate skill acquisition.","System.Object[]"
"C1200","Seismology for Field Officers","Seismology","Seismology","Beginner","Online","20","2","25","System.Object[]","System.Object[]","False","2027-01-16","2027-01-30","upcoming","5","TRN20260113","6","5","77.8","3.3","96.5","Seismology for Field Officers equips IMD personnel with the knowledge and skills required for seismic monitoring, earthquake data interpretation and basic seismological network operations. This entry-level course builds foundational understanding for officers new to the subject, with no prior experience assumed. Delivered fully online through self-paced modules and live virtual sessions. The course maps to the 'Seismology' competency in the Capacity Connect competency framework and includes assessments to validate skill acquisition.","System.Object[]"
"C1201","Seismology Best Practices","Seismology","Seismology","Intermediate","Offline","24","3","25","System.Object[]","System.Object[]","True","2026-05-30","2026-06-20","completed","5","TRN20260113","8","17","96.4","4.8","77.7","Seismology Best Practices equips IMD personnel with the knowledge and skills required for seismic monitoring, earthquake data interpretation and basic seismological network operations. This intermediate course assumes basic familiarity with the subject and deepens practical, applied skills. Delivered as an in-person, station-based training programme with hands-on instruction. The course maps to the 'Seismology' competency in the Capacity Connect competency framework and includes assessments to validate skill acquisition.","System.Object[]"
"C1202","Practical Lab: Seismology","Seismology","Seismology","Advanced","Hybrid","20","2","50","System.Object[]","System.Object[]","False","2026-06-22","2026-07-06","completed","5","TRN20260113","8","48","60.7","4.4","98","Practical Lab: Seismology equips IMD personnel with the knowledge and skills required for seismic monitoring, earthquake data interpretation and basic seismological network operations. This advanced course is designed for experienced officers seeking to master specialized techniques and lead operational deployment. Delivered in a hybrid format combining self-paced online modules with in-person practical sessions. The course maps to the 'Seismology' competency in the Capacity Connect competency framework and includes assessments to validate skill acquisition.","System.Object[]"
"C1203","Advanced Seismology Techniques","Seismology","Seismology","Advanced","Online","32","4","20","System.Object[]","System.Object[]","False","2026-06-13","2026-07-11","completed","5","TRN20260113","8","9","57.3","3.3","70.4","Advanced Seismology Techniques equips IMD personnel with the knowledge and skills required for seismic monitoring, earthquake data interpretation and basic seismological network operations. This advanced course is designed for experienced officers seeking to master specialized techniques and lead operational deployment. Delivered fully online through self-paced modules and live virtual sessions. The course maps to the 'Seismology' competency in the Capacity Connect competency framework and includes assessments to validate skill acquisition.","System.Object[]"
"C1204","Seismology in Operational Forecasting","Seismology","Seismology","Intermediate","Offline","32","4","30","System.Object[]","System.Object[]","False","2026-07-15","2026-08-12","completed","5","TRN20260113","4","8","81.5","4.3","81.9","Seismology in Operational Forecasting equips IMD personnel with the knowledge and skills required for seismic monitoring, earthquake data interpretation and basic seismological network operations. This intermediate course assumes basic familiarity with the subject and deepens practical, applied skills. Delivered as an in-person, station-based training programme with hands-on instruction. The course maps to the 'Seismology' competency in the Capacity Connect competency framework and includes assessments to validate skill acquisition.","System.Object[]"
"C1205","Seismology for Regional Centres","Seismology","Seismology","Advanced","Hybrid","12","2","50","System.Object[]","System.Object[]","False","2026-07-16","2026-07-30","completed","5","TRN20260113","6","17","81.7","4.5","93.9","Seismology for Regional Centres equips IMD personnel with the knowledge and skills required for seismic monitoring, earthquake data interpretation and basic seismological network operations. This advanced course is designed for experienced officers seeking to master specialized techniques and lead operational deployment. Delivered in a hybrid format combining self-paced online modules with in-person practical sessions. The course maps to the 'Seismology' competency in the Capacity Connect competency framework and includes assessments to validate skill acquisition.","System.Object[]"
"C1206","Seismology for New Recruits","Seismology","Seismology","Beginner","Online","40","5","50","System.Object[]","System.Object[]","False","2026-06-13","2026-07-18","completed","5","TRN20260113","6","29","56.7","3.7","70.3","Seismology for New Recruits equips IMD personnel with the knowledge and skills required for seismic monitoring, earthquake data interpretation and basic seismological network operations. This entry-level course builds foundational understanding for officers new to the subject, with no prior experience assumed. Delivered fully online through self-paced modules and live virtual sessions. The course maps to the 'Seismology' competency in the Capacity Connect competency framework and includes assessments to validate skill acquisition.","System.Object[]"
"C1207","Seismology Workshop","Seismology","Seismology","Intermediate","Offline","8","1","30","System.Object[]","System.Object[]","True","2026-07-13","2026-07-20","completed","5","TRN20260113","7","22","70.4","4.5","72.4","Seismology Workshop equips IMD personnel with the knowledge and skills required for seismic monitoring, earthquake data interpretation and basic seismological network operations. This intermediate course assumes basic familiarity with the subject and deepens practical, applied skills. Delivered as an in-person, station-based training programme with hands-on instruction. The course maps to the 'Seismology' competency in the Capacity Connect competency framework and includes assessments to validate skill acquisition.","System.Object[]"
"C1208","Specialized Seismology Training","Seismology","Seismology","Advanced","Hybrid","24","3","20","System.Object[]","System.Object[]","False","2026-12-19","2027-01-09","upcoming","5","TRN20260113","3","15","69.2","3.7","97.1","Specialized Seismology Training equips IMD personnel with the knowledge and skills required for seismic monitoring, earthquake data interpretation and basic seismological network operations. This advanced course is designed for experienced officers seeking to master specialized techniques and lead operational deployment. Delivered in a hybrid format combining self-paced online modules with in-person practical sessions. The course maps to the 'Seismology' competency in the Capacity Connect competency framework and includes assessments to validate skill acquisition.","System.Object[]"
"C1209","Seismology: Case Studies from Indian Meteorology","Seismology","Seismology","Beginner","Online","24","3","20","System.Object[]","System.Object[]","False","2026-09-30","2026-10-21","upcoming","5","TRN20260113","8","13","78.2","3.7","95.5","Seismology: Case Studies from Indian Meteorology equips IMD personnel with the knowledge and skills required for seismic monitoring, earthquake data interpretation and basic seismological network operations. This entry-level course builds foundational understanding for officers new to the subject, with no prior experience assumed. Delivered fully online through self-paced modules and live virtual sessions. The course maps to the 'Seismology' competency in the Capacity Connect competency framework and includes assessments to validate skill acquisition.","System.Object[]"
"C1210","Seismology Essentials","Seismology","Seismology","Beginner","Offline","20","2","20","System.Object[]","System.Object[]","False","2026-07-10","2026-07-24","completed","5","TRN20260113","3","5","82","3.6","84.6","Seismology Essentials equips IMD personnel with the knowledge and skills required for seismic monitoring, earthquake data interpretation and basic seismological network operations. This entry-level course builds foundational understanding for officers new to the subject, with no prior experience assumed. Delivered as an in-person, station-based training programme with hands-on instruction. The course maps to the 'Seismology' competency in the Capacity Connect competency framework and includes assessments to validate skill acquisition.","System.Object[]"
"C1211","Seismology for Decision Makers","Seismology","Seismology","Advanced","Hybrid","40","5","20","System.Object[]","System.Object[]","False","2026-07-17","2026-08-21","completed","5","TRN20260113","8","10","89.2","4.1","82.4","Seismology for Decision Makers equips IMD personnel with the knowledge and skills required for seismic monitoring, earthquake data interpretation and basic seismological network operations. This advanced course is designed for experienced officers seeking to master specialized techniques and lead operational deployment. Delivered in a hybrid format combining self-paced online modules with in-person practical sessions. The course maps to the 'Seismology' competency in the Capacity Connect competency framework and includes assessments to validate skill acquisition.","System.Object[]"
"C1212","Hands-on Seismology","Seismology","Seismology","Beginner","Online","20","2","40","System.Object[]","System.Object[]","False","2026-05-16","2026-05-30","completed","5","TRN20260113","6","7","85.1","3.3","96.2","Hands-on Seismology equips IMD personnel with the knowledge and skills required for seismic monitoring, earthquake data interpretation and basic seismological network operations. This entry-level course builds foundational understanding for officers new to the subject, with no prior experience assumed. Delivered fully online through self-paced modules and live virtual sessions. The course maps to the 'Seismology' competency in the Capacity Connect competency framework and includes assessments to validate skill acquisition.","System.Object[]"
"C1213","Master Class: Seismology","Seismology","Seismology","Intermediate","Offline","40","5","30","System.Object[]","System.Object[]","True","2026-09-30","2026-11-04","upcoming","5","TRN20260113","8","14","96.3","3.4","86.4","Master Class: Seismology equips IMD personnel with the knowledge and skills required for seismic monitoring, earthquake data interpretation and basic seismological network operations. This intermediate course assumes basic familiarity with the subject and deepens practical, applied skills. Delivered as an in-person, station-based training programme with hands-on instruction. The course maps to the 'Seismology' competency in the Capacity Connect competency framework and includes assessments to validate skill acquisition.","System.Object[]"
"C1214","Seismology Data Handling and Quality Control","Seismology","Seismology","Advanced","Hybrid","24","3","50","System.Object[]","System.Object[]","True","2026-06-03","2026-06-24","completed","5","TRN20260113","7","27","64.1","4.7","93.2","Seismology Data Handling and Quality Control equips IMD personnel with the knowledge and skills required for seismic monitoring, earthquake data interpretation and basic seismological network operations. This advanced course is designed for experienced officers seeking to master specialized techniques and lead operational deployment. Delivered in a hybrid format combining self-paced online modules with in-person practical sessions. The course maps to the 'Seismology' competency in the Capacity Connect competency framework and includes assessments to validate skill acquisition.","System.Object[]"
"C1215","Intermediate Seismology","Seismology","Seismology","Beginner","Online","12","2","25","System.Object[]","System.Object[]","True","2026-09-21","2026-10-05","upcoming","5","TRN20260113","7","8","63.5","4.2","97.1","Intermediate Seismology equips IMD personnel with the knowledge and skills required for seismic monitoring, earthquake data interpretation and basic seismological network operations. This entry-level course builds foundational understanding for officers new to the subject, with no prior experience assumed. Delivered fully online through self-paced modules and live virtual sessions. The course maps to the 'Seismology' competency in the Capacity Connect competency framework and includes assessments to validate skill acquisition.","System.Object[]"
"C111","Meteorological Instrumentation","Instrument calibration","Instrument Calibration","Beginner","Online","12","2","25","System.Object[]","System.Object[]","True","2026-06-02","2026-06-16","completed","5","TRN20260158","6","8","62.6","4.2","92.8","Meteorological Instrumentation equips IMD personnel with the knowledge and skills required for installation, maintenance and calibration of meteorological observation instruments. This entry-level course builds foundational understanding for officers new to the subject, with no prior experience assumed. Delivered fully online through self-paced modules and live virtual sessions. The course maps to the 'Instrument calibration' competency in the Capacity Connect competency framework and includes assessments to validate skill acquisition.","System.Object[]"
"C1216","Instrument Calibration Bootcamp","Instrument calibration","Instrument Calibration","Intermediate","Offline","16","2","20","System.Object[]","System.Object[]","True","2026-08-18","2026-09-01","completed","5","TRN20260158","7","9","70.7","3.6","90.1","Instrument Calibration Bootcamp equips IMD personnel with the knowledge and skills required for installation, maintenance and calibration of meteorological observation instruments. This intermediate course assumes basic familiarity with the subject and deepens practical, applied skills. Delivered as an in-person, station-based training programme with hands-on instruction. The course maps to the 'Instrument calibration' competency in the Capacity Connect competency framework and includes assessments to validate skill acquisition.","System.Object[]"
"C1217","Applied Instrument Calibration","Instrument calibration","Instrument Calibration","Advanced","Hybrid","20","2","50","System.Object[]","System.Object[]","False","2026-11-25","2026-12-09","upcoming","5","TRN20260158","8","41","83.4","4.8","88.7","Applied Instrument Calibration equips IMD personnel with the knowledge and skills required for installation, maintenance and calibration of meteorological observation instruments. This advanced course is designed for experienced officers seeking to master specialized techniques and lead operational deployment. Delivered in a hybrid format combining self-paced online modules with in-person practical sessions. The course maps to the 'Instrument calibration' competency in the Capacity Connect competency framework and includes assessments to validate skill acquisition.","System.Object[]"
"C1218","Foundations of Instrument Calibration","Instrument calibration","Instrument Calibration","Beginner","Online","8","1","25","System.Object[]","System.Object[]","True","2026-09-04","2026-09-11","completed","5","TRN20260158","4","17","75.2","4","61.8","Foundations of Instrument Calibration equips IMD personnel with the knowledge and skills required for installation, maintenance and calibration of meteorological observation instruments. This entry-level course builds foundational understanding for officers new to the subject, with no prior experience assumed. Delivered fully online through self-paced modules and live virtual sessions. The course maps to the 'Instrument calibration' competency in the Capacity Connect competency framework and includes assessments to validate skill acquisition.","System.Object[]"
"C1219","Introduction to Instrument Calibration","Instrument calibration","Instrument Calibration","Beginner","Offline","32","4","50","System.Object[]","System.Object[]","False","2026-09-15","2026-10-13","ongoing","5","TRN20260158","6","29","96.8","3.6","75.8","Introduction to Instrument Calibration equips IMD personnel with the knowledge and skills required for installation, maintenance and calibration of meteorological observation instruments. This entry-level course builds foundational understanding for officers new to the subject, with no prior experience assumed. Delivered as an in-person, station-based training programme with hands-on instruction. The course maps to the 'Instrument calibration' competency in the Capacity Connect competency framework and includes assessments to validate skill acquisition.","System.Object[]"
"C1220","Instrument Calibration Best Practices","Instrument calibration","Instrument Calibration","Advanced","Hybrid","40","5","40","System.Object[]","System.Object[]","True","2026-05-22","2026-06-26","completed","5","TRN20260158","4","14","63","3.8","88","Instrument Calibration Best Practices equips IMD personnel with the knowledge and skills required for installation, maintenance and calibration of meteorological observation instruments. This advanced course is designed for experienced officers seeking to master specialized techniques and lead operational deployment. Delivered in a hybrid format combining self-paced online modules with in-person practical sessions. The course maps to the 'Instrument calibration' competency in the Capacity Connect competency framework and includes assessments to validate skill acquisition.","System.Object[]"
"C1221","Practical Lab: Instrument Calibration","Instrument calibration","Instrument Calibration","Beginner","Online","20","2","30","System.Object[]","System.Object[]","True","2026-12-10","2026-12-24","upcoming","5","TRN20260158","4","6","60.5","4.2","65.3","Practical Lab: Instrument Calibration equips IMD personnel with the knowledge and skills required for installation, maintenance and calibration of meteorological observation instruments. This entry-level course builds foundational understanding for officers new to the subject, with no prior experience assumed. Delivered fully online through self-paced modules and live virtual sessions. The course maps to the 'Instrument calibration' competency in the Capacity Connect competency framework and includes assessments to validate skill acquisition.","System.Object[]"
"C1222","Instrument Calibration for Regional Centres","Instrument calibration","Instrument Calibration","Intermediate","Offline","24","3","25","System.Object[]","System.Object[]","True","2026-10-19","2026-11-09","upcoming","5","TRN20260158","7","24","97.7","4.7","66.7","Instrument Calibration for Regional Centres equips IMD personnel with the knowledge and skills required for installation, maintenance and calibration of meteorological observation instruments. This intermediate course assumes basic familiarity with the subject and deepens practical, applied skills. Delivered as an in-person, station-based training programme with hands-on instruction. The course maps to the 'Instrument calibration' competency in the Capacity Connect competency framework and includes assessments to validate skill acquisition.","System.Object[]"
"C1223","Instrument Calibration: Tools and Applications","Instrument calibration","Instrument Calibration","Advanced","Hybrid","40","5","50","System.Object[]","System.Object[]","True","2026-10-23","2026-11-27","upcoming","5","TRN20260158","8","6","63.7","4.7","79.7","Instrument Calibration: Tools and Applications equips IMD personnel with the knowledge and skills required for installation, maintenance and calibration of meteorological observation instruments. This advanced course is designed for experienced officers seeking to master specialized techniques and lead operational deployment. Delivered in a hybrid format combining self-paced online modules with in-person practical sessions. The course maps to the 'Instrument calibration' competency in the Capacity Connect competency framework and includes assessments to validate skill acquisition.","System.Object[]"
"C1224","Instrument Calibration: Case Studies from Indian Meteorology","Instrument calibration","Instrument Calibration","Beginner","Online","24","3","20","System.Object[]","System.Object[]","False","2026-03-23","2026-04-13","completed","5","TRN20260158","3","7","75.7","3.4","83.5","Instrument Calibration: Case Studies from Indian Meteorology equips IMD personnel with the knowledge and skills required for installation, maintenance and calibration of meteorological observation instruments. This entry-level course builds foundational understanding for officers new to the subject, with no prior experience assumed. Delivered fully online through self-paced modules and live virtual sessions. The course maps to the 'Instrument calibration' competency in the Capacity Connect competency framework and includes assessments to validate skill acquisition.","System.Object[]"
"C1225","Instrument Calibration in Operational Forecasting","Instrument calibration","Instrument Calibration","Intermediate","Offline","24","3","40","System.Object[]","System.Object[]","False","2026-05-04","2026-05-25","completed","5","TRN20260158","4","11","73.3","3.6","89.9","Instrument Calibration in Operational Forecasting equips IMD personnel with the knowledge and skills required for installation, maintenance and calibration of meteorological observation instruments. This intermediate course assumes basic familiarity with the subject and deepens practical, applied skills. Delivered as an in-person, station-based training programme with hands-on instruction. The course maps to the 'Instrument calibration' competency in the Capacity Connect competency framework and includes assessments to validate skill acquisition.","System.Object[]"
"C1226","Advanced Instrument Calibration Techniques","Instrument calibration","Instrument Calibration","Advanced","Hybrid","24","3","50","System.Object[]","System.Object[]","False","2026-08-03","2026-08-24","completed","5","TRN20260158","7","28","59.6","3.9","82.8","Advanced Instrument Calibration Techniques equips IMD personnel with the knowledge and skills required for installation, maintenance and calibration of meteorological observation instruments. This advanced course is designed for experienced officers seeking to master specialized techniques and lead operational deployment. Delivered in a hybrid format combining self-paced online modules with in-person practical sessions. The course maps to the 'Instrument calibration' competency in the Capacity Connect competency framework and includes assessments to validate skill acquisition.","System.Object[]"
"C1227","Instrument Calibration Data Handling and Quality Control","Instrument calibration","Instrument Calibration","Beginner","Online","24","3","30","System.Object[]","System.Object[]","True","2026-05-22","2026-06-12","completed","5","TRN20260158","7","23","69.8","4.4","88.7","Instrument Calibration Data Handling and Quality Control equips IMD personnel with the knowledge and skills required for installation, maintenance and calibration of meteorological observation instruments. This entry-level course builds foundational understanding for officers new to the subject, with no prior experience assumed. Delivered fully online through self-paced modules and live virtual sessions. The course maps to the 'Instrument calibration' competency in the Capacity Connect competency framework and includes assessments to validate skill acquisition.","System.Object[]"
"C1228","Hands-on Instrument Calibration","Instrument calibration","Instrument Calibration","Intermediate","Offline","20","2","25","System.Object[]","System.Object[]","True","2026-05-07","2026-05-21","completed","5","TRN20260158","5","7","90.4","4","83.4","Hands-on Instrument Calibration equips IMD personnel with the knowledge and skills required for installation, maintenance and calibration of meteorological observation instruments. This intermediate course assumes basic familiarity with the subject and deepens practical, applied skills. Delivered as an in-person, station-based training programme with hands-on instruction. The course maps to the 'Instrument calibration' competency in the Capacity Connect competency framework and includes assessments to validate skill acquisition.","System.Object[]"
"C1229","Instrument Calibration for Field Officers","Instrument calibration","Instrument Calibration","Advanced","Hybrid","16","2","25","System.Object[]","System.Object[]","True","2026-08-16","2026-08-30","completed","5","TRN20260158","6","5","63.7","4.3","91.4","Instrument Calibration for Field Officers equips IMD personnel with the knowledge and skills required for installation, maintenance and calibration of meteorological observation instruments. This advanced course is designed for experienced officers seeking to master specialized techniques and lead operational deployment. Delivered in a hybrid format combining self-paced online modules with in-person practical sessions. The course maps to the 'Instrument calibration' competency in the Capacity Connect competency framework and includes assessments to validate skill acquisition.","System.Object[]"
"C1230","Instrument Calibration Capstone Project","Instrument calibration","Instrument Calibration","Beginner","Online","8","1","50","System.Object[]","System.Object[]","True","2026-12-13","2026-12-20","upcoming","5","TRN20260158","4","30","70.2","3.9","82.9","Instrument Calibration Capstone Project equips IMD personnel with the knowledge and skills required for installation, maintenance and calibration of meteorological observation instruments. This entry-level course builds foundational understanding for officers new to the subject, with no prior experience assumed. Delivered fully online through self-paced modules and live virtual sessions. The course maps to the 'Instrument calibration' competency in the Capacity Connect competency framework and includes assessments to validate skill acquisition.","System.Object[]"
"C1231","Specialized Instrument Calibration Training","Instrument calibration","Instrument Calibration","Intermediate","Offline","32","4","20","System.Object[]","System.Object[]","False","2026-04-29","2026-05-27","completed","5","TRN20260158","7","5","66.2","3.9","64.2","Specialized Instrument Calibration Training equips IMD personnel with the knowledge and skills required for installation, maintenance and calibration of meteorological observation instruments. This intermediate course assumes basic familiarity with the subject and deepens practical, applied skills. Delivered as an in-person, station-based training programme with hands-on instruction. The course maps to the 'Instrument calibration' competency in the Capacity Connect competency framework and includes assessments to validate skill acquisition.","System.Object[]"
"C1232","Instrument Calibration Refresher Course","Instrument calibration","Instrument Calibration","Advanced","Hybrid","16","2","20","System.Object[]","System.Object[]","True","2026-07-13","2026-07-27","completed","5","TRN20260158","6","5","75.7","3.6","74.9","Instrument Calibration Refresher Course equips IMD personnel with the knowledge and skills required for installation, maintenance and calibration of meteorological observation instruments. This advanced course is designed for experienced officers seeking to master specialized techniques and lead operational deployment. Delivered in a hybrid format combining self-paced online modules with in-person practical sessions. The course maps to the 'Instrument calibration' competency in the Capacity Connect competency framework and includes assessments to validate skill acquisition.","System.Object[]"
"C1233","Instrument Calibration Workshop","Instrument calibration","Instrument Calibration","Beginner","Online","40","5","30","System.Object[]","System.Object[]","True","2026-08-07","2026-09-11","completed","5","TRN20260158","8","10","75.5","3.8","94.9","Instrument Calibration Workshop equips IMD personnel with the knowledge and skills required for installation, maintenance and calibration of meteorological observation instruments. This entry-level course builds foundational understanding for officers new to the subject, with no prior experience assumed. Delivered fully online through self-paced modules and live virtual sessions. The course maps to the 'Instrument calibration' competency in the Capacity Connect competency framework and includes assessments to validate skill acquisition.","System.Object[]"
"C1234","Instrument Calibration: Core Concepts","Instrument calibration","Instrument Calibration","Intermediate","Offline","32","4","25","System.Object[]","System.Object[]","True","2026-11-30","2026-12-28","upcoming","5","TRN20260158","5","9","88.5","3.4","63.1","Instrument Calibration: Core Concepts equips IMD personnel with the knowledge and skills required for installation, maintenance and calibration of meteorological observation instruments. This intermediate course assumes basic familiarity with the subject and deepens practical, applied skills. Delivered as an in-person, station-based training programme with hands-on instruction. The course maps to the 'Instrument calibration' competency in the Capacity Connect competency framework and includes assessments to validate skill acquisition.","System.Object[]"
"C1235","Master Class: Instrument Calibration","Instrument calibration","Instrument Calibration","Advanced","Hybrid","40","5","50","System.Object[]","System.Object[]","False","2026-04-19","2026-05-24","completed","5","TRN20260158","5","37","67.1","3.6","82.5","Master Class: Instrument Calibration equips IMD personnel with the knowledge and skills required for installation, maintenance and calibration of meteorological observation instruments. This advanced course is designed for experienced officers seeking to master specialized techniques and lead operational deployment. Delivered in a hybrid format combining self-paced online modules with in-person practical sessions. The course maps to the 'Instrument calibration' competency in the Capacity Connect competency framework and includes assessments to validate skill acquisition.","System.Object[]"
"C1236","Instrument Calibration for Decision Makers","Instrument calibration","Instrument Calibration","Beginner","Online","20","2","50","System.Object[]","System.Object[]","False","2026-05-13","2026-05-27","completed","5","TRN20260158","4","49","55.4","4.3","74.8","Instrument Calibration for Decision Makers equips IMD personnel with the knowledge and skills required for installation, maintenance and calibration of meteorological observation instruments. This entry-level course builds foundational understanding for officers new to the subject, with no prior experience assumed. Delivered fully online through self-paced modules and live virtual sessions. The course maps to the 'Instrument calibration' competency in the Capacity Connect competency framework and includes assessments to validate skill acquisition.","System.Object[]"
"C1237","Intermediate Instrument Calibration","Instrument calibration","Instrument Calibration","Intermediate","Offline","16","2","50","System.Object[]","System.Object[]","False","2026-10-14","2026-10-28","upcoming","5","TRN20260158","5","32","64.1","4.4","74.5","Intermediate Instrument Calibration equips IMD personnel with the knowledge and skills required for installation, maintenance and calibration of meteorological observation instruments. This intermediate course assumes basic familiarity with the subject and deepens practical, applied skills. Delivered as an in-person, station-based training programme with hands-on instruction. The course maps to the 'Instrument calibration' competency in the Capacity Connect competency framework and includes assessments to validate skill acquisition.","System.Object[]"
"C1238","Instrument Calibration Certification Program","Instrument calibration","Instrument Calibration","Advanced","Hybrid","20","2","25","System.Object[]","System.Object[]","False","2026-12-12","2026-12-26","upcoming","5","TRN20260158","8","20","89.6","3.5","79.5","Instrument Calibration Certification Program equips IMD personnel with the knowledge and skills required for installation, maintenance and calibration of meteorological observation instruments. This advanced course is designed for experienced officers seeking to master specialized techniques and lead operational deployment. Delivered in a hybrid format combining self-paced online modules with in-person practical sessions. The course maps to the 'Instrument calibration' competency in the Capacity Connect competency framework and includes assessments to validate skill acquisition.","System.Object[]"
"C1239","Instrument Calibration Essentials","Instrument calibration","Instrument Calibration","Beginner","Online","40","5","40","System.Object[]","System.Object[]","False","2027-01-03","2027-02-07","upcoming","5","TRN20260158","6","11","74.3","3.8","74.1","Instrument Calibration Essentials equips IMD personnel with the knowledge and skills required for installation, maintenance and calibration of meteorological observation instruments. This entry-level course builds foundational understanding for officers new to the subject, with no prior experience assumed. Delivered fully online through self-paced modules and live virtual sessions. The course maps to the 'Instrument calibration' competency in the Capacity Connect competency framework and includes assessments to validate skill acquisition.","System.Object[]"
"C101","Foundations of Meteorology","Synoptic meteorology","Synoptic Meteorology","Beginner","Online","20","2","50","System.Object[]","System.Object[]","False","2026-09-24","2026-10-08","upcoming","5","TRN20260108","5","43","82.7","3.7","77.4","Foundations of Meteorology equips IMD personnel with the knowledge and skills required for synoptic chart analysis and classical weather forecasting fundamentals. This entry-level course builds foundational understanding for officers new to the subject, with no prior experience assumed. Delivered fully online through self-paced modules and live virtual sessions. The course maps to the 'Synoptic meteorology' competency in the Capacity Connect competency framework and includes assessments to validate skill acquisition.","System.Object[]"
"C1240","Synoptic Meteorology Capstone Project","Synoptic meteorology","Synoptic Meteorology","Intermediate","Offline","20","2","25","System.Object[]","System.Object[]","True","2026-12-28","2027-01-11","upcoming","5","TRN20260108","4","17","59.4","3.3","94.3","Synoptic Meteorology Capstone Project equips IMD personnel with the knowledge and skills required for synoptic chart analysis and classical weather forecasting fundamentals. This intermediate course assumes basic familiarity with the subject and deepens practical, applied skills. Delivered as an in-person, station-based training programme with hands-on instruction. The course maps to the 'Synoptic meteorology' competency in the Capacity Connect competency framework and includes assessments to validate skill acquisition.","System.Object[]"
"C1241","Specialized Synoptic Meteorology Training","Synoptic meteorology","Synoptic Meteorology","Advanced","Hybrid","8","1","40","System.Object[]","System.Object[]","True","2026-12-17","2026-12-24","upcoming","5","TRN20260108","3","20","86.7","4","64.9","Specialized Synoptic Meteorology Training equips IMD personnel with the knowledge and skills required for synoptic chart analysis and classical weather forecasting fundamentals. This advanced course is designed for experienced officers seeking to master specialized techniques and lead operational deployment. Delivered in a hybrid format combining self-paced online modules with in-person practical sessions. The course maps to the 'Synoptic meteorology' competency in the Capacity Connect competency framework and includes assessments to validate skill acquisition.","System.Object[]"
"C1242","Hands-on Synoptic Meteorology","Synoptic meteorology","Synoptic Meteorology","Beginner","Online","8","1","20","System.Object[]","System.Object[]","False","2026-09-16","2026-09-23","ongoing","5","TRN20260108","7","18","77.5","4.3","72.1","Hands-on Synoptic Meteorology equips IMD personnel with the knowledge and skills required for synoptic chart analysis and classical weather forecasting fundamentals. This entry-level course builds foundational understanding for officers new to the subject, with no prior experience assumed. Delivered fully online through self-paced modules and live virtual sessions. The course maps to the 'Synoptic meteorology' competency in the Capacity Connect competency framework and includes assessments to validate skill acquisition.","System.Object[]"
"C1243","Synoptic Meteorology Essentials","Synoptic meteorology","Synoptic Meteorology","Beginner","Offline","24","3","25","System.Object[]","System.Object[]","False","2026-11-29","2026-12-20","upcoming","5","TRN20260108","6","9","69.8","4","60.3","Synoptic Meteorology Essentials equips IMD personnel with the knowledge and skills required for synoptic chart analysis and classical weather forecasting fundamentals. This entry-level course builds foundational understanding for officers new to the subject, with no prior experience assumed. Delivered as an in-person, station-based training programme with hands-on instruction. The course maps to the 'Synoptic meteorology' competency in the Capacity Connect competency framework and includes assessments to validate skill acquisition.","System.Object[]"
"C1244","Synoptic Meteorology for New Recruits","Synoptic meteorology","Synoptic Meteorology","Beginner","Hybrid","16","2","20","System.Object[]","System.Object[]","False","2026-07-23","2026-08-06","completed","5","TRN20260108","7","17","90.6","3.6","63.1","Synoptic Meteorology for New Recruits equips IMD personnel with the knowledge and skills required for synoptic chart analysis and classical weather forecasting fundamentals. This entry-level course builds foundational understanding for officers new to the subject, with no prior experience assumed. Delivered in a hybrid format combining self-paced online modules with in-person practical sessions. The course maps to the 'Synoptic meteorology' competency in the Capacity Connect competency framework and includes assessments to validate skill acquisition.","System.Object[]"
"C1245","Synoptic Meteorology: Core Concepts","Synoptic meteorology","Synoptic Meteorology","Beginner","Online","16","2","50","System.Object[]","System.Object[]","True","2026-06-08","2026-06-22","completed","5","TRN20260108","4","22","85.1","4","72.5","Synoptic Meteorology: Core Concepts equips IMD personnel with the knowledge and skills required for synoptic chart analysis and classical weather forecasting fundamentals. This entry-level course builds foundational understanding for officers new to the subject, with no prior experience assumed. Delivered fully online through self-paced modules and live virtual sessions. The course maps to the 'Synoptic meteorology' competency in the Capacity Connect competency framework and includes assessments to validate skill acquisition.","System.Object[]"
"C1246","Advanced Synoptic Meteorology Techniques","Synoptic meteorology","Synoptic Meteorology","Advanced","Offline","24","3","20","System.Object[]","System.Object[]","False","2026-12-03","2026-12-24","upcoming","5","TRN20260108","4","9","55.6","3.6","76.4","Advanced Synoptic Meteorology Techniques equips IMD personnel with the knowledge and skills required for synoptic chart analysis and classical weather forecasting fundamentals. This advanced course is designed for experienced officers seeking to master specialized techniques and lead operational deployment. Delivered as an in-person, station-based training programme with hands-on instruction. The course maps to the 'Synoptic meteorology' competency in the Capacity Connect competency framework and includes assessments to validate skill acquisition.","System.Object[]"
"C1247","Synoptic Meteorology: Case Studies from Indian Meteorology","Synoptic meteorology","Synoptic Meteorology","Advanced","Hybrid","20","2","20","System.Object[]","System.Object[]","True","2026-03-29","2026-04-12","completed","5","TRN20260108","5","11","93.5","3.6","74.9","Synoptic Meteorology: Case Studies from Indian Meteorology equips IMD personnel with the knowledge and skills required for synoptic chart analysis and classical weather forecasting fundamentals. This advanced course is designed for experienced officers seeking to master specialized techniques and lead operational deployment. Delivered in a hybrid format combining self-paced online modules with in-person practical sessions. The course maps to the 'Synoptic meteorology' competency in the Capacity Connect competency framework and includes assessments to validate skill acquisition.","System.Object[]"
"C1248","Introduction to Synoptic Meteorology","Synoptic meteorology","Synoptic Meteorology","Beginner","Online","40","5","25","System.Object[]","System.Object[]","True","2026-06-12","2026-07-17","completed","5","TRN20260108","4","20","71.7","4.8","96.5","Introduction to Synoptic Meteorology equips IMD personnel with the knowledge and skills required for synoptic chart analysis and classical weather forecasting fundamentals. This entry-level course builds foundational understanding for officers new to the subject, with no prior experience assumed. Delivered fully online through self-paced modules and live virtual sessions. The course maps to the 'Synoptic meteorology' competency in the Capacity Connect competency framework and includes assessments to validate skill acquisition.","System.Object[]"
"C1249","Synoptic Meteorology in Operational Forecasting","Synoptic meteorology","Synoptic Meteorology","Intermediate","Offline","32","4","50","System.Object[]","System.Object[]","True","2026-10-11","2026-11-08","upcoming","5","TRN20260108","5","25","55.6","4.6","82.8","Synoptic Meteorology in Operational Forecasting equips IMD personnel with the knowledge and skills required for synoptic chart analysis and classical weather forecasting fundamentals. This intermediate course assumes basic familiarity with the subject and deepens practical, applied skills. Delivered as an in-person, station-based training programme with hands-on instruction. The course maps to the 'Synoptic meteorology' competency in the Capacity Connect competency framework and includes assessments to validate skill acquisition.","System.Object[]"
"C1250","Synoptic Meteorology Certification Program","Synoptic meteorology","Synoptic Meteorology","Advanced","Hybrid","8","1","20","System.Object[]","System.Object[]","True","2026-04-22","2026-04-29","completed","5","TRN20260108","3","7","84.5","3.8","97.8","Synoptic Meteorology Certification Program equips IMD personnel with the knowledge and skills required for synoptic chart analysis and classical weather forecasting fundamentals. This advanced course is designed for experienced officers seeking to master specialized techniques and lead operational deployment. Delivered in a hybrid format combining self-paced online modules with in-person practical sessions. The course maps to the 'Synoptic meteorology' competency in the Capacity Connect competency framework and includes assessments to validate skill acquisition.","System.Object[]"
"C1251","Practical Lab: Synoptic Meteorology","Synoptic meteorology","Synoptic Meteorology","Beginner","Online","16","2","25","System.Object[]","System.Object[]","False","2026-08-20","2026-09-03","completed","5","TRN20260108","7","13","93.6","4","77.1","Practical Lab: Synoptic Meteorology equips IMD personnel with the knowledge and skills required for synoptic chart analysis and classical weather forecasting fundamentals. This entry-level course builds foundational understanding for officers new to the subject, with no prior experience assumed. Delivered fully online through self-paced modules and live virtual sessions. The course maps to the 'Synoptic meteorology' competency in the Capacity Connect competency framework and includes assessments to validate skill acquisition.","System.Object[]"
"C1252","Synoptic Meteorology Refresher Course","Synoptic meteorology","Synoptic Meteorology","Intermediate","Offline","12","2","50","System.Object[]","System.Object[]","False","2026-03-23","2026-04-06","completed","5","TRN20260108","6","33","67.7","3.6","74.3","Synoptic Meteorology Refresher Course equips IMD personnel with the knowledge and skills required for synoptic chart analysis and classical weather forecasting fundamentals. This intermediate course assumes basic familiarity with the subject and deepens practical, applied skills. Delivered as an in-person, station-based training programme with hands-on instruction. The course maps to the 'Synoptic meteorology' competency in the Capacity Connect competency framework and includes assessments to validate skill acquisition.","System.Object[]"
"C1253","Synoptic Meteorology Bootcamp","Synoptic meteorology","Synoptic Meteorology","Advanced","Hybrid","32","4","25","System.Object[]","System.Object[]","False","2026-08-14","2026-09-11","completed","5","TRN20260108","4","11","77.5","4","81.5","Synoptic Meteorology Bootcamp equips IMD personnel with the knowledge and skills required for synoptic chart analysis and classical weather forecasting fundamentals. This advanced course is designed for experienced officers seeking to master specialized techniques and lead operational deployment. Delivered in a hybrid format combining self-paced online modules with in-person practical sessions. The course maps to the 'Synoptic meteorology' competency in the Capacity Connect competency framework and includes assessments to validate skill acquisition.","System.Object[]"
"C1254","Synoptic Meteorology Data Handling and Quality Control","Synoptic meteorology","Synoptic Meteorology","Beginner","Online","20","2","30","System.Object[]","System.Object[]","False","2027-01-09","2027-01-23","upcoming","5","TRN20260108","3","6","63.7","4","63.9","Synoptic Meteorology Data Handling and Quality Control equips IMD personnel with the knowledge and skills required for synoptic chart analysis and classical weather forecasting fundamentals. This entry-level course builds foundational understanding for officers new to the subject, with no prior experience assumed. Delivered fully online through self-paced modules and live virtual sessions. The course maps to the 'Synoptic meteorology' competency in the Capacity Connect competency framework and includes assessments to validate skill acquisition.","System.Object[]"
"C1255","Synoptic Meteorology for Decision Makers","Synoptic meteorology","Synoptic Meteorology","Intermediate","Offline","32","4","40","System.Object[]","System.Object[]","False","2026-10-21","2026-11-18","upcoming","5","TRN20260108","3","34","89.4","3.3","81.8","Synoptic Meteorology for Decision Makers equips IMD personnel with the knowledge and skills required for synoptic chart analysis and classical weather forecasting fundamentals. This intermediate course assumes basic familiarity with the subject and deepens practical, applied skills. Delivered as an in-person, station-based training programme with hands-on instruction. The course maps to the 'Synoptic meteorology' competency in the Capacity Connect competency framework and includes assessments to validate skill acquisition.","System.Object[]"
"C1256","Synoptic Meteorology for Field Officers","Synoptic meteorology","Synoptic Meteorology","Advanced","Hybrid","40","5","20","System.Object[]","System.Object[]","True","2026-12-17","2027-01-21","upcoming","5","TRN20260108","3","8","86.2","4.1","67.4","Synoptic Meteorology for Field Officers equips IMD personnel with the knowledge and skills required for synoptic chart analysis and classical weather forecasting fundamentals. This advanced course is designed for experienced officers seeking to master specialized techniques and lead operational deployment. Delivered in a hybrid format combining self-paced online modules with in-person practical sessions. The course maps to the 'Synoptic meteorology' competency in the Capacity Connect competency framework and includes assessments to validate skill acquisition.","System.Object[]"
"C1257","Synoptic Meteorology for Regional Centres","Synoptic meteorology","Synoptic Meteorology","Beginner","Online","24","3","25","System.Object[]","System.Object[]","False","2026-09-19","2026-10-10","ongoing","5","TRN20260108","8","15","83.3","4.1","83.4","Synoptic Meteorology for Regional Centres equips IMD personnel with the knowledge and skills required for synoptic chart analysis and classical weather forecasting fundamentals. This entry-level course builds foundational understanding for officers new to the subject, with no prior experience assumed. Delivered fully online through self-paced modules and live virtual sessions. The course maps to the 'Synoptic meteorology' competency in the Capacity Connect competency framework and includes assessments to validate skill acquisition.","System.Object[]"
"C1258","Synoptic Meteorology Workshop","Synoptic meteorology","Synoptic Meteorology","Intermediate","Offline","24","3","30","System.Object[]","System.Object[]","True","2026-08-15","2026-09-05","completed","5","TRN20260108","8","19","74.2","3.9","88.3","Synoptic Meteorology Workshop equips IMD personnel with the knowledge and skills required for synoptic chart analysis and classical weather forecasting fundamentals. This intermediate course assumes basic familiarity with the subject and deepens practical, applied skills. Delivered as an in-person, station-based training programme with hands-on instruction. The course maps to the 'Synoptic meteorology' competency in the Capacity Connect competency framework and includes assessments to validate skill acquisition.","System.Object[]"
"C1259","Master Class: Synoptic Meteorology","Synoptic meteorology","Synoptic Meteorology","Advanced","Hybrid","24","3","25","System.Object[]","System.Object[]","True","2026-09-21","2026-10-12","upcoming","5","TRN20260108","5","23","94.8","3.5","61.5","Master Class: Synoptic Meteorology equips IMD personnel with the knowledge and skills required for synoptic chart analysis and classical weather forecasting fundamentals. This advanced course is designed for experienced officers seeking to master specialized techniques and lead operational deployment. Delivered in a hybrid format combining self-paced online modules with in-person practical sessions. The course maps to the 'Synoptic meteorology' competency in the Capacity Connect competency framework and includes assessments to validate skill acquisition.","System.Object[]"
"C1260","Synoptic Meteorology Best Practices","Synoptic meteorology","Synoptic Meteorology","Beginner","Online","12","2","30","System.Object[]","System.Object[]","True","2027-01-12","2027-01-26","upcoming","5","TRN20260108","3","28","69","4","79","Synoptic Meteorology Best Practices equips IMD personnel with the knowledge and skills required for synoptic chart analysis and classical weather forecasting fundamentals. This entry-level course builds foundational understanding for officers new to the subject, with no prior experience assumed. Delivered fully online through self-paced modules and live virtual sessions. The course maps to the 'Synoptic meteorology' competency in the Capacity Connect competency framework and includes assessments to validate skill acquisition.","System.Object[]"
"C1261","Intermediate Synoptic Meteorology","Synoptic meteorology","Synoptic Meteorology","Intermediate","Offline","24","3","30","System.Object[]","System.Object[]","True","2026-10-04","2026-10-25","upcoming","5","TRN20260108","5","28","83.1","4.2","60.4","Intermediate Synoptic Meteorology equips IMD personnel with the knowledge and skills required for synoptic chart analysis and classical weather forecasting fundamentals. This intermediate course assumes basic familiarity with the subject and deepens practical, applied skills. Delivered as an in-person, station-based training programme with hands-on instruction. The course maps to the 'Synoptic meteorology' competency in the Capacity Connect competency framework and includes assessments to validate skill acquisition.","System.Object[]"
"C1262","Synoptic Meteorology: Tools and Applications","Synoptic meteorology","Synoptic Meteorology","Advanced","Hybrid","16","2","50","System.Object[]","System.Object[]","True","2027-01-11","2027-01-25","upcoming","5","TRN20260108","4","8","84","4.9","97.9","Synoptic Meteorology: Tools and Applications equips IMD personnel with the knowledge and skills required for synoptic chart analysis and classical weather forecasting fundamentals. This advanced course is designed for experienced officers seeking to master specialized techniques and lead operational deployment. Delivered in a hybrid format combining self-paced online modules with in-person practical sessions. The course maps to the 'Synoptic meteorology' competency in the Capacity Connect competency framework and includes assessments to validate skill acquisition.","System.Object[]"
"C1263","Foundations of Synoptic Meteorology","Synoptic meteorology","Synoptic Meteorology","Beginner","Online","12","2","40","System.Object[]","System.Object[]","True","2026-05-28","2026-06-11","completed","5","TRN20260108","3","30","66.3","3.9","76.9","Foundations of Synoptic Meteorology equips IMD personnel with the knowledge and skills required for synoptic chart analysis and classical weather forecasting fundamentals. This entry-level course builds foundational understanding for officers new to the subject, with no prior experience assumed. Delivered fully online through self-paced modules and live virtual sessions. The course maps to the 'Synoptic meteorology' competency in the Capacity Connect competency framework and includes assessments to validate skill acquisition.","System.Object[]"
"C120","Nowcasting Techniques for Severe Weather","Nowcasting","Nowcasting","Beginner","Online","16","2","30","System.Object[]","System.Object[]","True","2026-04-19","2026-05-03","completed","5","TRN20260129","7","9","87.6","4.6","64.4","Nowcasting Techniques for Severe Weather equips IMD personnel with the knowledge and skills required for very short-range (0-6 hour) nowcasting techniques for localized severe weather. This entry-level course builds foundational understanding for officers new to the subject, with no prior experience assumed. Delivered fully online through self-paced modules and live virtual sessions. The course maps to the 'Nowcasting' competency in the Capacity Connect competency framework and includes assessments to validate skill acquisition.","System.Object[]"
"C1264","Nowcasting Essentials","Nowcasting","Nowcasting","Beginner","Offline","24","3","25","System.Object[]","System.Object[]","False","2026-12-28","2027-01-18","upcoming","5","TRN20260129","5","22","64.1","4.1","89.3","Nowcasting Essentials equips IMD personnel with the knowledge and skills required for very short-range (0-6 hour) nowcasting techniques for localized severe weather. This entry-level course builds foundational understanding for officers new to the subject, with no prior experience assumed. Delivered as an in-person, station-based training programme with hands-on instruction. The course maps to the 'Nowcasting' competency in the Capacity Connect competency framework and includes assessments to validate skill acquisition.","System.Object[]"
"C1265","Foundations of Nowcasting","Nowcasting","Nowcasting","Beginner","Hybrid","24","3","25","System.Object[]","System.Object[]","False","2026-08-08","2026-08-29","completed","5","TRN20260129","5","6","75","4.8","62.6","Foundations of Nowcasting equips IMD personnel with the knowledge and skills required for very short-range (0-6 hour) nowcasting techniques for localized severe weather. This entry-level course builds foundational understanding for officers new to the subject, with no prior experience assumed. Delivered in a hybrid format combining self-paced online modules with in-person practical sessions. The course maps to the 'Nowcasting' competency in the Capacity Connect competency framework and includes assessments to validate skill acquisition.","System.Object[]"
"C1266","Nowcasting for New Recruits","Nowcasting","Nowcasting","Beginner","Online","40","5","20","System.Object[]","System.Object[]","True","2026-04-03","2026-05-08","completed","5","TRN20260129","6","7","63","4.1","77.9","Nowcasting for New Recruits equips IMD personnel with the knowledge and skills required for very short-range (0-6 hour) nowcasting techniques for localized severe weather. This entry-level course builds foundational understanding for officers new to the subject, with no prior experience assumed. Delivered fully online through self-paced modules and live virtual sessions. The course maps to the 'Nowcasting' competency in the Capacity Connect competency framework and includes assessments to validate skill acquisition.","System.Object[]"
"C1267","Nowcasting: Core Concepts","Nowcasting","Nowcasting","Intermediate","Offline","12","2","50","System.Object[]","System.Object[]","False","2026-04-23","2026-05-07","completed","5","TRN20260129","3","20","97.8","4.9","70.8","Nowcasting: Core Concepts equips IMD personnel with the knowledge and skills required for very short-range (0-6 hour) nowcasting techniques for localized severe weather. This intermediate course assumes basic familiarity with the subject and deepens practical, applied skills. Delivered as an in-person, station-based training programme with hands-on instruction. The course maps to the 'Nowcasting' competency in the Capacity Connect competency framework and includes assessments to validate skill acquisition.","System.Object[]"
"C1268","Applied Nowcasting","Nowcasting","Nowcasting","Advanced","Hybrid","20","2","20","System.Object[]","System.Object[]","True","2026-12-25","2027-01-08","upcoming","5","TRN20260129","8","18","96.7","4.7","72.8","Applied Nowcasting equips IMD personnel with the knowledge and skills required for very short-range (0-6 hour) nowcasting techniques for localized severe weather. This advanced course is designed for experienced officers seeking to master specialized techniques and lead operational deployment. Delivered in a hybrid format combining self-paced online modules with in-person practical sessions. The course maps to the 'Nowcasting' competency in the Capacity Connect competency framework and includes assessments to validate skill acquisition.","System.Object[]"
"C1269","Nowcasting Bootcamp","Nowcasting","Nowcasting","Beginner","Online","12","2","25","System.Object[]","System.Object[]","False","2026-09-02","2026-09-16","completed","5","TRN20260129","6","10","68.7","4.7","88.4","Nowcasting Bootcamp equips IMD personnel with the knowledge and skills required for very short-range (0-6 hour) nowcasting techniques for localized severe weather. This entry-level course builds foundational understanding for officers new to the subject, with no prior experience assumed. Delivered fully online through self-paced modules and live virtual sessions. The course maps to the 'Nowcasting' competency in the Capacity Connect competency framework and includes assessments to validate skill acquisition.","System.Object[]"
"C1270","Nowcasting Refresher Course","Nowcasting","Nowcasting","Intermediate","Offline","20","2","30","System.Object[]","System.Object[]","True","2026-11-22","2026-12-06","upcoming","5","TRN20260129","4","24","65","4.4","74","Nowcasting Refresher Course equips IMD personnel with the knowledge and skills required for very short-range (0-6 hour) nowcasting techniques for localized severe weather. This intermediate course assumes basic familiarity with the subject and deepens practical, applied skills. Delivered as an in-person, station-based training programme with hands-on instruction. The course maps to the 'Nowcasting' competency in the Capacity Connect competency framework and includes assessments to validate skill acquisition.","System.Object[]"
"C1271","Practical Lab: Nowcasting","Nowcasting","Nowcasting","Advanced","Hybrid","24","3","50","System.Object[]","System.Object[]","True","2026-07-04","2026-07-25","completed","5","TRN20260129","6","5","94.8","4.8","68.7","Practical Lab: Nowcasting equips IMD personnel with the knowledge and skills required for very short-range (0-6 hour) nowcasting techniques for localized severe weather. This advanced course is designed for experienced officers seeking to master specialized techniques and lead operational deployment. Delivered in a hybrid format combining self-paced online modules with in-person practical sessions. The course maps to the 'Nowcasting' competency in the Capacity Connect competency framework and includes assessments to validate skill acquisition.","System.Object[]"
"C1272","Nowcasting: Tools and Applications","Nowcasting","Nowcasting","Beginner","Online","8","1","25","System.Object[]","System.Object[]","True","2026-12-22","2026-12-29","upcoming","5","TRN20260129","4","15","71.9","4.8","82.3","Nowcasting: Tools and Applications equips IMD personnel with the knowledge and skills required for very short-range (0-6 hour) nowcasting techniques for localized severe weather. This entry-level course builds foundational understanding for officers new to the subject, with no prior experience assumed. Delivered fully online through self-paced modules and live virtual sessions. The course maps to the 'Nowcasting' competency in the Capacity Connect competency framework and includes assessments to validate skill acquisition.","System.Object[]"
"C1273","Nowcasting for Decision Makers","Nowcasting","Nowcasting","Intermediate","Offline","24","3","20","System.Object[]","System.Object[]","True","2026-11-14","2026-12-05","upcoming","5","TRN20260129","7","19","72.1","3.7","92.3","Nowcasting for Decision Makers equips IMD personnel with the knowledge and skills required for very short-range (0-6 hour) nowcasting techniques for localized severe weather. This intermediate course assumes basic familiarity with the subject and deepens practical, applied skills. Delivered as an in-person, station-based training programme with hands-on instruction. The course maps to the 'Nowcasting' competency in the Capacity Connect competency framework and includes assessments to validate skill acquisition.","System.Object[]"
"C1274","Nowcasting for Field Officers","Nowcasting","Nowcasting","Advanced","Hybrid","20","2","30","System.Object[]","System.Object[]","False","2026-07-04","2026-07-18","completed","5","TRN20260129","8","15","74.4","3.5","83","Nowcasting for Field Officers equips IMD personnel with the knowledge and skills required for very short-range (0-6 hour) nowcasting techniques for localized severe weather. This advanced course is designed for experienced officers seeking to master specialized techniques and lead operational deployment. Delivered in a hybrid format combining self-paced online modules with in-person practical sessions. The course maps to the 'Nowcasting' competency in the Capacity Connect competency framework and includes assessments to validate skill acquisition.","System.Object[]"
"C1275","Master Class: Nowcasting","Nowcasting","Nowcasting","Beginner","Online","8","1","30","System.Object[]","System.Object[]","True","2026-12-09","2026-12-16","upcoming","5","TRN20260129","3","7","77.5","3.9","90.9","Master Class: Nowcasting equips IMD personnel with the knowledge and skills required for very short-range (0-6 hour) nowcasting techniques for localized severe weather. This entry-level course builds foundational understanding for officers new to the subject, with no prior experience assumed. Delivered fully online through self-paced modules and live virtual sessions. The course maps to the 'Nowcasting' competency in the Capacity Connect competency framework and includes assessments to validate skill acquisition.","System.Object[]"
"C1276","Advanced Nowcasting Techniques","Nowcasting","Nowcasting","Advanced","Offline","20","2","50","System.Object[]","System.Object[]","True","2026-06-23","2026-07-07","completed","5","TRN20260129","7","24","86.4","4.8","71.3","Advanced Nowcasting Techniques equips IMD personnel with the knowledge and skills required for very short-range (0-6 hour) nowcasting techniques for localized severe weather. This advanced course is designed for experienced officers seeking to master specialized techniques and lead operational deployment. Delivered as an in-person, station-based training programme with hands-on instruction. The course maps to the 'Nowcasting' competency in the Capacity Connect competency framework and includes assessments to validate skill acquisition.","System.Object[]"
"C1277","Introduction to Nowcasting","Nowcasting","Nowcasting","Beginner","Hybrid","12","2","25","System.Object[]","System.Object[]","False","2026-07-26","2026-08-09","completed","5","TRN20260129","6","19","72.6","3.3","83.4","Introduction to Nowcasting equips IMD personnel with the knowledge and skills required for very short-range (0-6 hour) nowcasting techniques for localized severe weather. This entry-level course builds foundational understanding for officers new to the subject, with no prior experience assumed. Delivered in a hybrid format combining self-paced online modules with in-person practical sessions. The course maps to the 'Nowcasting' competency in the Capacity Connect competency framework and includes assessments to validate skill acquisition.","System.Object[]"
"C1278","Intermediate Nowcasting","Nowcasting","Nowcasting","Beginner","Online","24","3","50","System.Object[]","System.Object[]","True","2026-05-06","2026-05-27","completed","5","TRN20260129","3","7","83.7","4.6","71.6","Intermediate Nowcasting equips IMD personnel with the knowledge and skills required for very short-range (0-6 hour) nowcasting techniques for localized severe weather. This entry-level course builds foundational understanding for officers new to the subject, with no prior experience assumed. Delivered fully online through self-paced modules and live virtual sessions. The course maps to the 'Nowcasting' competency in the Capacity Connect competency framework and includes assessments to validate skill acquisition.","System.Object[]"
"C1279","Nowcasting Certification Program","Nowcasting","Nowcasting","Intermediate","Offline","8","1","40","System.Object[]","System.Object[]","True","2026-12-29","2027-01-05","upcoming","5","TRN20260129","7","28","93.6","4.6","89.6","Nowcasting Certification Program equips IMD personnel with the knowledge and skills required for very short-range (0-6 hour) nowcasting techniques for localized severe weather. This intermediate course assumes basic familiarity with the subject and deepens practical, applied skills. Delivered as an in-person, station-based training programme with hands-on instruction. The course maps to the 'Nowcasting' competency in the Capacity Connect competency framework and includes assessments to validate skill acquisition.","System.Object[]"
"C1280","Nowcasting Data Handling and Quality Control","Nowcasting","Nowcasting","Advanced","Hybrid","16","2","40","System.Object[]","System.Object[]","False","2026-08-17","2026-08-31","completed","5","TRN20260129","5","38","97.4","4","86.9","Nowcasting Data Handling and Quality Control equips IMD personnel with the knowledge and skills required for very short-range (0-6 hour) nowcasting techniques for localized severe weather. This advanced course is designed for experienced officers seeking to master specialized techniques and lead operational deployment. Delivered in a hybrid format combining self-paced online modules with in-person practical sessions. The course maps to the 'Nowcasting' competency in the Capacity Connect competency framework and includes assessments to validate skill acquisition.","System.Object[]"
"C1281","Hands-on Nowcasting","Nowcasting","Nowcasting","Beginner","Online","24","3","30","System.Object[]","System.Object[]","True","2026-05-22","2026-06-12","completed","5","TRN20260129","6","11","55.1","3.2","84.4","Hands-on Nowcasting equips IMD personnel with the knowledge and skills required for very short-range (0-6 hour) nowcasting techniques for localized severe weather. This entry-level course builds foundational understanding for officers new to the subject, with no prior experience assumed. Delivered fully online through self-paced modules and live virtual sessions. The course maps to the 'Nowcasting' competency in the Capacity Connect competency framework and includes assessments to validate skill acquisition.","System.Object[]"
"C1282","Nowcasting Capstone Project","Nowcasting","Nowcasting","Intermediate","Offline","40","5","50","System.Object[]","System.Object[]","False","2026-09-09","2026-10-14","ongoing","5","TRN20260129","7","24","76.8","3.8","60.2","Nowcasting Capstone Project equips IMD personnel with the knowledge and skills required for very short-range (0-6 hour) nowcasting techniques for localized severe weather. This intermediate course assumes basic familiarity with the subject and deepens practical, applied skills. Delivered as an in-person, station-based training programme with hands-on instruction. The course maps to the 'Nowcasting' competency in the Capacity Connect competency framework and includes assessments to validate skill acquisition.","System.Object[]"
"C1283","Nowcasting: Case Studies from Indian Meteorology","Nowcasting","Nowcasting","Advanced","Hybrid","20","2","50","System.Object[]","System.Object[]","False","2026-09-10","2026-09-24","ongoing","5","TRN20260129","5","14","82","4.7","80.9","Nowcasting: Case Studies from Indian Meteorology equips IMD personnel with the knowledge and skills required for very short-range (0-6 hour) nowcasting techniques for localized severe weather. This advanced course is designed for experienced officers seeking to master specialized techniques and lead operational deployment. Delivered in a hybrid format combining self-paced online modules with in-person practical sessions. The course maps to the 'Nowcasting' competency in the Capacity Connect competency framework and includes assessments to validate skill acquisition.","System.Object[]"
"C1284","Nowcasting in Operational Forecasting","Nowcasting","Nowcasting","Beginner","Online","40","5","40","System.Object[]","System.Object[]","False","2026-06-15","2026-07-20","completed","5","TRN20260129","7","6","69.6","3.8","80.8","Nowcasting in Operational Forecasting equips IMD personnel with the knowledge and skills required for very short-range (0-6 hour) nowcasting techniques for localized severe weather. This entry-level course builds foundational understanding for officers new to the subject, with no prior experience assumed. Delivered fully online through self-paced modules and live virtual sessions. The course maps to the 'Nowcasting' competency in the Capacity Connect competency framework and includes assessments to validate skill acquisition.","System.Object[]"
"C1285","Nowcasting Best Practices","Nowcasting","Nowcasting","Intermediate","Offline","12","2","50","System.Object[]","System.Object[]","True","2026-04-11","2026-04-25","completed","5","TRN20260129","8","24","64.3","3.7","64.4","Nowcasting Best Practices equips IMD personnel with the knowledge and skills required for very short-range (0-6 hour) nowcasting techniques for localized severe weather. This intermediate course assumes basic familiarity with the subject and deepens practical, applied skills. Delivered as an in-person, station-based training programme with hands-on instruction. The course maps to the 'Nowcasting' competency in the Capacity Connect competency framework and includes assessments to validate skill acquisition.","System.Object[]"
"C1286","Nowcasting Workshop","Nowcasting","Nowcasting","Advanced","Hybrid","8","1","40","System.Object[]","System.Object[]","True","2026-12-12","2026-12-19","upcoming","5","TRN20260129","4","25","61.2","4.7","92.1","Nowcasting Workshop equips IMD personnel with the knowledge and skills required for very short-range (0-6 hour) nowcasting techniques for localized severe weather. This advanced course is designed for experienced officers seeking to master specialized techniques and lead operational deployment. Delivered in a hybrid format combining self-paced online modules with in-person practical sessions. The course maps to the 'Nowcasting' competency in the Capacity Connect competency framework and includes assessments to validate skill acquisition.","System.Object[]"
"C1287","Nowcasting for Regional Centres","Nowcasting","Nowcasting","Beginner","Online","12","2","20","System.Object[]","System.Object[]","True","2026-08-29","2026-09-12","completed","5","TRN20260129","3","15","75.1","3.3","80.3","Nowcasting for Regional Centres equips IMD personnel with the knowledge and skills required for very short-range (0-6 hour) nowcasting techniques for localized severe weather. This entry-level course builds foundational understanding for officers new to the subject, with no prior experience assumed. Delivered fully online through self-paced modules and live virtual sessions. The course maps to the 'Nowcasting' competency in the Capacity Connect competency framework and includes assessments to validate skill acquisition.","System.Object[]"
"C113","Marine Meteorology","Marine meteorology","Marine Meteorology","Beginner","Online","24","3","30","System.Object[]","System.Object[]","True","2026-04-17","2026-05-08","completed","5","TRN20260213","4","22","74.1","3.4","78.4","Marine Meteorology equips IMD personnel with the knowledge and skills required for marine weather forecasting, ocean-atmosphere interaction and ship/port warning services. This entry-level course builds foundational understanding for officers new to the subject, with no prior experience assumed. Delivered fully online through self-paced modules and live virtual sessions. The course maps to the 'Marine meteorology' competency in the Capacity Connect competency framework and includes assessments to validate skill acquisition.","System.Object[]"
"C1288","Marine Meteorology Data Handling and Quality Control","Marine meteorology","Marine Meteorology","Intermediate","Offline","20","2","20","System.Object[]","System.Object[]","True","2026-05-29","2026-06-12","completed","5","TRN20260213","8","7","96.9","4.5","78.2","Marine Meteorology Data Handling and Quality Control equips IMD personnel with the knowledge and skills required for marine weather forecasting, ocean-atmosphere interaction and ship/port warning services. This intermediate course assumes basic familiarity with the subject and deepens practical, applied skills. Delivered as an in-person, station-based training programme with hands-on instruction. The course maps to the 'Marine meteorology' competency in the Capacity Connect competency framework and includes assessments to validate skill acquisition.","System.Object[]"
"C1289","Applied Marine Meteorology","Marine meteorology","Marine Meteorology","Advanced","Hybrid","40","5","40","System.Object[]","System.Object[]","False","2026-09-05","2026-10-10","ongoing","5","TRN20260213","8","16","85.1","4.3","90.8","Applied Marine Meteorology equips IMD personnel with the knowledge and skills required for marine weather forecasting, ocean-atmosphere interaction and ship/port warning services. This advanced course is designed for experienced officers seeking to master specialized techniques and lead operational deployment. Delivered in a hybrid format combining self-paced online modules with in-person practical sessions. The course maps to the 'Marine meteorology' competency in the Capacity Connect competency framework and includes assessments to validate skill acquisition.","System.Object[]"
"C1290","Intermediate Marine Meteorology","Marine meteorology","Marine Meteorology","Beginner","Online","20","2","20","System.Object[]","System.Object[]","False","2026-05-16","2026-05-30","completed","5","TRN20260213","6","9","76.8","3.9","87.9","Intermediate Marine Meteorology equips IMD personnel with the knowledge and skills required for marine weather forecasting, ocean-atmosphere interaction and ship/port warning services. This entry-level course builds foundational understanding for officers new to the subject, with no prior experience assumed. Delivered fully online through self-paced modules and live virtual sessions. The course maps to the 'Marine meteorology' competency in the Capacity Connect competency framework and includes assessments to validate skill acquisition.","System.Object[]"
"C1291","Marine Meteorology for Field Officers","Marine meteorology","Marine Meteorology","Intermediate","Offline","24","3","20","System.Object[]","System.Object[]","False","2026-10-29","2026-11-19","upcoming","5","TRN20260213","4","17","57.8","3.6","87.1","Marine Meteorology for Field Officers equips IMD personnel with the knowledge and skills required for marine weather forecasting, ocean-atmosphere interaction and ship/port warning services. This intermediate course assumes basic familiarity with the subject and deepens practical, applied skills. Delivered as an in-person, station-based training programme with hands-on instruction. The course maps to the 'Marine meteorology' competency in the Capacity Connect competency framework and includes assessments to validate skill acquisition.","System.Object[]"
"C1292","Marine Meteorology: Tools and Applications","Marine meteorology","Marine Meteorology","Advanced","Hybrid","24","3","30","System.Object[]","System.Object[]","True","2026-10-16","2026-11-06","upcoming","5","TRN20260213","3","15","78.9","4.6","66.9","Marine Meteorology: Tools and Applications equips IMD personnel with the knowledge and skills required for marine weather forecasting, ocean-atmosphere interaction and ship/port warning services. This advanced course is designed for experienced officers seeking to master specialized techniques and lead operational deployment. Delivered in a hybrid format combining self-paced online modules with in-person practical sessions. The course maps to the 'Marine meteorology' competency in the Capacity Connect competency framework and includes assessments to validate skill acquisition.","System.Object[]"
"C1293","Marine Meteorology Best Practices","Marine meteorology","Marine Meteorology","Beginner","Online","24","3","20","System.Object[]","System.Object[]","True","2026-11-06","2026-11-27","upcoming","5","TRN20260213","4","9","74.5","3.7","84","Marine Meteorology Best Practices equips IMD personnel with the knowledge and skills required for marine weather forecasting, ocean-atmosphere interaction and ship/port warning services. This entry-level course builds foundational understanding for officers new to the subject, with no prior experience assumed. Delivered fully online through self-paced modules and live virtual sessions. The course maps to the 'Marine meteorology' competency in the Capacity Connect competency framework and includes assessments to validate skill acquisition.","System.Object[]"
"C1294","Foundations of Marine Meteorology","Marine meteorology","Marine Meteorology","Beginner","Offline","12","2","30","System.Object[]","System.Object[]","True","2026-12-29","2027-01-12","upcoming","5","TRN20260213","3","17","91.4","4.6","62.4","Foundations of Marine Meteorology equips IMD personnel with the knowledge and skills required for marine weather forecasting, ocean-atmosphere interaction and ship/port warning services. This entry-level course builds foundational understanding for officers new to the subject, with no prior experience assumed. Delivered as an in-person, station-based training programme with hands-on instruction. The course maps to the 'Marine meteorology' competency in the Capacity Connect competency framework and includes assessments to validate skill acquisition.","System.Object[]"
"C1295","Marine Meteorology Bootcamp","Marine meteorology","Marine Meteorology","Advanced","Hybrid","8","1","50","System.Object[]","System.Object[]","False","2026-06-19","2026-06-26","completed","5","TRN20260213","4","50","71.5","3.8","81.3","Marine Meteorology Bootcamp equips IMD personnel with the knowledge and skills required for marine weather forecasting, ocean-atmosphere interaction and ship/port warning services. This advanced course is designed for experienced officers seeking to master specialized techniques and lead operational deployment. Delivered in a hybrid format combining self-paced online modules with in-person practical sessions. The course maps to the 'Marine meteorology' competency in the Capacity Connect competency framework and includes assessments to validate skill acquisition.","System.Object[]"
"C1296","Marine Meteorology for Regional Centres","Marine meteorology","Marine Meteorology","Beginner","Online","12","2","25","System.Object[]","System.Object[]","True","2026-05-31","2026-06-14","completed","5","TRN20260213","5","9","86","4","77","Marine Meteorology for Regional Centres equips IMD personnel with the knowledge and skills required for marine weather forecasting, ocean-atmosphere interaction and ship/port warning services. This entry-level course builds foundational understanding for officers new to the subject, with no prior experience assumed. Delivered fully online through self-paced modules and live virtual sessions. The course maps to the 'Marine meteorology' competency in the Capacity Connect competency framework and includes assessments to validate skill acquisition.","System.Object[]"
"C1297","Marine Meteorology: Core Concepts","Marine meteorology","Marine Meteorology","Intermediate","Offline","12","2","40","System.Object[]","System.Object[]","False","2026-07-22","2026-08-05","completed","5","TRN20260213","7","32","81","4.2","93","Marine Meteorology: Core Concepts equips IMD personnel with the knowledge and skills required for marine weather forecasting, ocean-atmosphere interaction and ship/port warning services. This intermediate course assumes basic familiarity with the subject and deepens practical, applied skills. Delivered as an in-person, station-based training programme with hands-on instruction. The course maps to the 'Marine meteorology' competency in the Capacity Connect competency framework and includes assessments to validate skill acquisition.","System.Object[]"
"C1298","Advanced Marine Meteorology Techniques","Marine meteorology","Marine Meteorology","Advanced","Hybrid","20","2","50","System.Object[]","System.Object[]","False","2026-07-26","2026-08-09","completed","5","TRN20260213","8","34","77.2","4.1","83.8","Advanced Marine Meteorology Techniques equips IMD personnel with the knowledge and skills required for marine weather forecasting, ocean-atmosphere interaction and ship/port warning services. This advanced course is designed for experienced officers seeking to master specialized techniques and lead operational deployment. Delivered in a hybrid format combining self-paced online modules with in-person practical sessions. The course maps to the 'Marine meteorology' competency in the Capacity Connect competency framework and includes assessments to validate skill acquisition.","System.Object[]"
"C1299","Introduction to Marine Meteorology","Marine meteorology","Marine Meteorology","Beginner","Online","32","4","20","System.Object[]","System.Object[]","False","2026-04-10","2026-05-08","completed","5","TRN20260213","6","16","96.3","4.6","71.3","Introduction to Marine Meteorology equips IMD personnel with the knowledge and skills required for marine weather forecasting, ocean-atmosphere interaction and ship/port warning services. This entry-level course builds foundational understanding for officers new to the subject, with no prior experience assumed. Delivered fully online through self-paced modules and live virtual sessions. The course maps to the 'Marine meteorology' competency in the Capacity Connect competency framework and includes assessments to validate skill acquisition.","System.Object[]"
"C1300","Specialized Marine Meteorology Training","Marine meteorology","Marine Meteorology","Intermediate","Offline","32","4","50","System.Object[]","System.Object[]","False","2026-08-12","2026-09-09","completed","5","TRN20260213","4","23","75.8","3.4","63","Specialized Marine Meteorology Training equips IMD personnel with the knowledge and skills required for marine weather forecasting, ocean-atmosphere interaction and ship/port warning services. This intermediate course assumes basic familiarity with the subject and deepens practical, applied skills. Delivered as an in-person, station-based training programme with hands-on instruction. The course maps to the 'Marine meteorology' competency in the Capacity Connect competency framework and includes assessments to validate skill acquisition.","System.Object[]"
"C1301","Marine Meteorology Certification Program","Marine meteorology","Marine Meteorology","Advanced","Hybrid","12","2","50","System.Object[]","System.Object[]","False","2026-04-08","2026-04-22","completed","5","TRN20260213","8","49","65.2","3.5","80.6","Marine Meteorology Certification Program equips IMD personnel with the knowledge and skills required for marine weather forecasting, ocean-atmosphere interaction and ship/port warning services. This advanced course is designed for experienced officers seeking to master specialized techniques and lead operational deployment. Delivered in a hybrid format combining self-paced online modules with in-person practical sessions. The course maps to the 'Marine meteorology' competency in the Capacity Connect competency framework and includes assessments to validate skill acquisition.","System.Object[]"
"C1302","Marine Meteorology in Operational Forecasting","Marine meteorology","Marine Meteorology","Beginner","Online","8","1","25","System.Object[]","System.Object[]","True","2026-04-18","2026-04-25","completed","5","TRN20260213","4","16","57.3","3.6","92","Marine Meteorology in Operational Forecasting equips IMD personnel with the knowledge and skills required for marine weather forecasting, ocean-atmosphere interaction and ship/port warning services. This entry-level course builds foundational understanding for officers new to the subject, with no prior experience assumed. Delivered fully online through self-paced modules and live virtual sessions. The course maps to the 'Marine meteorology' competency in the Capacity Connect competency framework and includes assessments to validate skill acquisition.","System.Object[]"
"C1303","Marine Meteorology Capstone Project","Marine meteorology","Marine Meteorology","Intermediate","Offline","20","2","40","System.Object[]","System.Object[]","False","2026-11-07","2026-11-21","upcoming","5","TRN20260213","4","14","77.8","3.9","71.3","Marine Meteorology Capstone Project equips IMD personnel with the knowledge and skills required for marine weather forecasting, ocean-atmosphere interaction and ship/port warning services. This intermediate course assumes basic familiarity with the subject and deepens practical, applied skills. Delivered as an in-person, station-based training programme with hands-on instruction. The course maps to the 'Marine meteorology' competency in the Capacity Connect competency framework and includes assessments to validate skill acquisition.","System.Object[]"
"C1304","Practical Lab: Marine Meteorology","Marine meteorology","Marine Meteorology","Advanced","Hybrid","32","4","30","System.Object[]","System.Object[]","False","2026-06-30","2026-07-28","completed","5","TRN20260213","7","19","88.2","4.5","88.6","Practical Lab: Marine Meteorology equips IMD personnel with the knowledge and skills required for marine weather forecasting, ocean-atmosphere interaction and ship/port warning services. This advanced course is designed for experienced officers seeking to master specialized techniques and lead operational deployment. Delivered in a hybrid format combining self-paced online modules with in-person practical sessions. The course maps to the 'Marine meteorology' competency in the Capacity Connect competency framework and includes assessments to validate skill acquisition.","System.Object[]"
"C1305","Hands-on Marine Meteorology","Marine meteorology","Marine Meteorology","Beginner","Online","32","4","25","System.Object[]","System.Object[]","True","2026-07-29","2026-08-26","completed","5","TRN20260213","3","8","84.5","3.8","88.3","Hands-on Marine Meteorology equips IMD personnel with the knowledge and skills required for marine weather forecasting, ocean-atmosphere interaction and ship/port warning services. This entry-level course builds foundational understanding for officers new to the subject, with no prior experience assumed. Delivered fully online through self-paced modules and live virtual sessions. The course maps to the 'Marine meteorology' competency in the Capacity Connect competency framework and includes assessments to validate skill acquisition.","System.Object[]"
"C1306","Master Class: Marine Meteorology","Marine meteorology","Marine Meteorology","Intermediate","Offline","8","1","20","System.Object[]","System.Object[]","False","2026-11-10","2026-11-17","upcoming","5","TRN20260213","8","10","65.9","4","96.5","Master Class: Marine Meteorology equips IMD personnel with the knowledge and skills required for marine weather forecasting, ocean-atmosphere interaction and ship/port warning services. This intermediate course assumes basic familiarity with the subject and deepens practical, applied skills. Delivered as an in-person, station-based training programme with hands-on instruction. The course maps to the 'Marine meteorology' competency in the Capacity Connect competency framework and includes assessments to validate skill acquisition.","System.Object[]"
"C1307","Marine Meteorology for New Recruits","Marine meteorology","Marine Meteorology","Beginner","Hybrid","40","5","40","System.Object[]","System.Object[]","False","2026-04-27","2026-06-01","completed","5","TRN20260213","3","8","66.1","4.6","66.9","Marine Meteorology for New Recruits equips IMD personnel with the knowledge and skills required for marine weather forecasting, ocean-atmosphere interaction and ship/port warning services. This entry-level course builds foundational understanding for officers new to the subject, with no prior experience assumed. Delivered in a hybrid format combining self-paced online modules with in-person practical sessions. The course maps to the 'Marine meteorology' competency in the Capacity Connect competency framework and includes assessments to validate skill acquisition.","System.Object[]"
"C1308","Marine Meteorology Refresher Course","Marine meteorology","Marine Meteorology","Beginner","Online","12","2","50","System.Object[]","System.Object[]","False","2027-01-09","2027-01-23","upcoming","5","TRN20260213","4","33","85.8","3.4","62.8","Marine Meteorology Refresher Course equips IMD personnel with the knowledge and skills required for marine weather forecasting, ocean-atmosphere interaction and ship/port warning services. This entry-level course builds foundational understanding for officers new to the subject, with no prior experience assumed. Delivered fully online through self-paced modules and live virtual sessions. The course maps to the 'Marine meteorology' competency in the Capacity Connect competency framework and includes assessments to validate skill acquisition.","System.Object[]"
"C1309","Marine Meteorology Workshop","Marine meteorology","Marine Meteorology","Intermediate","Offline","40","5","40","System.Object[]","System.Object[]","False","2026-11-01","2026-12-06","upcoming","5","TRN20260213","8","5","77.2","4.8","79.1","Marine Meteorology Workshop equips IMD personnel with the knowledge and skills required for marine weather forecasting, ocean-atmosphere interaction and ship/port warning services. This intermediate course assumes basic familiarity with the subject and deepens practical, applied skills. Delivered as an in-person, station-based training programme with hands-on instruction. The course maps to the 'Marine meteorology' competency in the Capacity Connect competency framework and includes assessments to validate skill acquisition.","System.Object[]"
"C1310","Marine Meteorology Essentials","Marine meteorology","Marine Meteorology","Beginner","Hybrid","40","5","20","System.Object[]","System.Object[]","False","2026-11-13","2026-12-18","upcoming","5","TRN20260213","7","16","78","4.8","63.1","Marine Meteorology Essentials equips IMD personnel with the knowledge and skills required for marine weather forecasting, ocean-atmosphere interaction and ship/port warning services. This entry-level course builds foundational understanding for officers new to the subject, with no prior experience assumed. Delivered in a hybrid format combining self-paced online modules with in-person practical sessions. The course maps to the 'Marine meteorology' competency in the Capacity Connect competency framework and includes assessments to validate skill acquisition.","System.Object[]"
"C1311","Marine Meteorology for Decision Makers","Marine meteorology","Marine Meteorology","Beginner","Online","32","4","25","System.Object[]","System.Object[]","True","2026-06-02","2026-06-30","completed","5","TRN20260213","4","20","58.6","4.3","88.7","Marine Meteorology for Decision Makers equips IMD personnel with the knowledge and skills required for marine weather forecasting, ocean-atmosphere interaction and ship/port warning services. This entry-level course builds foundational understanding for officers new to the subject, with no prior experience assumed. Delivered fully online through self-paced modules and live virtual sessions. The course maps to the 'Marine meteorology' competency in the Capacity Connect competency framework and includes assessments to validate skill acquisition.","System.Object[]"
"C102","Weather Observation & Data Quality","Weather observation","Weather Observation","Beginner","Online","40","5","50","System.Object[]","System.Object[]","True","2026-07-25","2026-08-29","completed","5","TRN20260108","3","46","55.8","4.7","84.1","Weather Observation & Data Quality equips IMD personnel with the knowledge and skills required for standard surface and upper-air weather observation practices and data quality control. This entry-level course builds foundational understanding for officers new to the subject, with no prior experience assumed. Delivered fully online through self-paced modules and live virtual sessions. The course maps to the 'Weather observation' competency in the Capacity Connect competency framework and includes assessments to validate skill acquisition.","System.Object[]"
"C1312","Introduction to Weather Observation","Weather observation","Weather Observation","Beginner","Offline","8","1","25","System.Object[]","System.Object[]","False","2026-10-14","2026-10-21","upcoming","5","TRN20260108","7","18","69.5","4.6","88.8","Introduction to Weather Observation equips IMD personnel with the knowledge and skills required for standard surface and upper-air weather observation practices and data quality control. This entry-level course builds foundational understanding for officers new to the subject, with no prior experience assumed. Delivered as an in-person, station-based training programme with hands-on instruction. The course maps to the 'Weather observation' competency in the Capacity Connect competency framework and includes assessments to validate skill acquisition.","System.Object[]"
"C1313","Weather Observation Best Practices","Weather observation","Weather Observation","Advanced","Hybrid","8","1","50","System.Object[]","System.Object[]","True","2027-01-14","2027-01-21","upcoming","5","TRN20260108","5","15","84.9","4.1","77.1","Weather Observation Best Practices equips IMD personnel with the knowledge and skills required for standard surface and upper-air weather observation practices and data quality control. This advanced course is designed for experienced officers seeking to master specialized techniques and lead operational deployment. Delivered in a hybrid format combining self-paced online modules with in-person practical sessions. The course maps to the 'Weather observation' competency in the Capacity Connect competency framework and includes assessments to validate skill acquisition.","System.Object[]"
"C1314","Advanced Weather Observation Techniques","Weather observation","Weather Observation","Advanced","Online","12","2","20","System.Object[]","System.Object[]","True","2026-05-26","2026-06-09","completed","5","TRN20260108","3","14","72.9","4.6","90.1","Advanced Weather Observation Techniques equips IMD personnel with the knowledge and skills required for standard surface and upper-air weather observation practices and data quality control. This advanced course is designed for experienced officers seeking to master specialized techniques and lead operational deployment. Delivered fully online through self-paced modules and live virtual sessions. The course maps to the 'Weather observation' competency in the Capacity Connect competency framework and includes assessments to validate skill acquisition.","System.Object[]"
"C1315","Intermediate Weather Observation","Weather observation","Weather Observation","Intermediate","Offline","12","2","30","System.Object[]","System.Object[]","False","2026-05-10","2026-05-24","completed","5","TRN20260108","7","22","65.1","3.4","80.7","Intermediate Weather Observation equips IMD personnel with the knowledge and skills required for standard surface and upper-air weather observation practices and data quality control. This intermediate course assumes basic familiarity with the subject and deepens practical, applied skills. Delivered as an in-person, station-based training programme with hands-on instruction. The course maps to the 'Weather observation' competency in the Capacity Connect competency framework and includes assessments to validate skill acquisition.","System.Object[]"
"C1316","Applied Weather Observation","Weather observation","Weather Observation","Advanced","Hybrid","40","5","50","System.Object[]","System.Object[]","True","2026-06-12","2026-07-17","completed","5","TRN20260108","3","48","91.3","4.7","79.4","Applied Weather Observation equips IMD personnel with the knowledge and skills required for standard surface and upper-air weather observation practices and data quality control. This advanced course is designed for experienced officers seeking to master specialized techniques and lead operational deployment. Delivered in a hybrid format combining self-paced online modules with in-person practical sessions. The course maps to the 'Weather observation' competency in the Capacity Connect competency framework and includes assessments to validate skill acquisition.","System.Object[]"
"C1317","Weather Observation Bootcamp","Weather observation","Weather Observation","Beginner","Online","8","1","30","System.Object[]","System.Object[]","False","2026-07-21","2026-07-28","completed","5","TRN20260108","7","30","56.2","4.1","62.8","Weather Observation Bootcamp equips IMD personnel with the knowledge and skills required for standard surface and upper-air weather observation practices and data quality control. This entry-level course builds foundational understanding for officers new to the subject, with no prior experience assumed. Delivered fully online through self-paced modules and live virtual sessions. The course maps to the 'Weather observation' competency in the Capacity Connect competency framework and includes assessments to validate skill acquisition.","System.Object[]"
"C1318","Weather Observation Capstone Project","Weather observation","Weather Observation","Intermediate","Offline","24","3","50","System.Object[]","System.Object[]","True","2026-07-13","2026-08-03","completed","5","TRN20260108","4","20","86.7","4.7","74.6","Weather Observation Capstone Project equips IMD personnel with the knowledge and skills required for standard surface and upper-air weather observation practices and data quality control. This intermediate course assumes basic familiarity with the subject and deepens practical, applied skills. Delivered as an in-person, station-based training programme with hands-on instruction. The course maps to the 'Weather observation' competency in the Capacity Connect competency framework and includes assessments to validate skill acquisition.","System.Object[]"
"C1319","Weather Observation Data Handling and Quality Control","Weather observation","Weather Observation","Advanced","Hybrid","20","2","50","System.Object[]","System.Object[]","True","2026-04-08","2026-04-22","completed","5","TRN20260108","7","45","70.4","3.7","73.1","Weather Observation Data Handling and Quality Control equips IMD personnel with the knowledge and skills required for standard surface and upper-air weather observation practices and data quality control. This advanced course is designed for experienced officers seeking to master specialized techniques and lead operational deployment. Delivered in a hybrid format combining self-paced online modules with in-person practical sessions. The course maps to the 'Weather observation' competency in the Capacity Connect competency framework and includes assessments to validate skill acquisition.","System.Object[]"
"C1320","Weather Observation for Field Officers","Weather observation","Weather Observation","Beginner","Online","16","2","25","System.Object[]","System.Object[]","True","2026-06-18","2026-07-02","completed","5","TRN20260108","4","10","89","4.3","83.8","Weather Observation for Field Officers equips IMD personnel with the knowledge and skills required for standard surface and upper-air weather observation practices and data quality control. This entry-level course builds foundational understanding for officers new to the subject, with no prior experience assumed. Delivered fully online through self-paced modules and live virtual sessions. The course maps to the 'Weather observation' competency in the Capacity Connect competency framework and includes assessments to validate skill acquisition.","System.Object[]"
"C1321","Weather Observation Refresher Course","Weather observation","Weather Observation","Intermediate","Offline","8","1","40","System.Object[]","System.Object[]","True","2027-01-10","2027-01-17","upcoming","5","TRN20260108","6","19","93.3","4.2","65.8","Weather Observation Refresher Course equips IMD personnel with the knowledge and skills required for standard surface and upper-air weather observation practices and data quality control. This intermediate course assumes basic familiarity with the subject and deepens practical, applied skills. Delivered as an in-person, station-based training programme with hands-on instruction. The course maps to the 'Weather observation' competency in the Capacity Connect competency framework and includes assessments to validate skill acquisition.","System.Object[]"
"C1322","Hands-on Weather Observation","Weather observation","Weather Observation","Advanced","Hybrid","20","2","20","System.Object[]","System.Object[]","True","2026-12-01","2026-12-15","upcoming","5","TRN20260108","3","20","89.8","4.4","63.8","Hands-on Weather Observation equips IMD personnel with the knowledge and skills required for standard surface and upper-air weather observation practices and data quality control. This advanced course is designed for experienced officers seeking to master specialized techniques and lead operational deployment. Delivered in a hybrid format combining self-paced online modules with in-person practical sessions. The course maps to the 'Weather observation' competency in the Capacity Connect competency framework and includes assessments to validate skill acquisition.","System.Object[]"
"C1323","Weather Observation for New Recruits","Weather observation","Weather Observation","Beginner","Online","8","1","50","System.Object[]","System.Object[]","True","2027-01-15","2027-01-22","upcoming","5","TRN20260108","5","47","68.1","4.4","93.5","Weather Observation for New Recruits equips IMD personnel with the knowledge and skills required for standard surface and upper-air weather observation practices and data quality control. This entry-level course builds foundational understanding for officers new to the subject, with no prior experience assumed. Delivered fully online through self-paced modules and live virtual sessions. The course maps to the 'Weather observation' competency in the Capacity Connect competency framework and includes assessments to validate skill acquisition.","System.Object[]"
"C1324","Master Class: Weather Observation","Weather observation","Weather Observation","Intermediate","Offline","20","2","40","System.Object[]","System.Object[]","True","2027-01-11","2027-01-25","upcoming","5","TRN20260108","8","32","87.4","4.4","83.9","Master Class: Weather Observation equips IMD personnel with the knowledge and skills required for standard surface and upper-air weather observation practices and data quality control. This intermediate course assumes basic familiarity with the subject and deepens practical, applied skills. Delivered as an in-person, station-based training programme with hands-on instruction. The course maps to the 'Weather observation' competency in the Capacity Connect competency framework and includes assessments to validate skill acquisition.","System.Object[]"
"C1325","Weather Observation: Tools and Applications","Weather observation","Weather Observation","Advanced","Hybrid","40","5","20","System.Object[]","System.Object[]","True","2027-01-03","2027-02-07","upcoming","5","TRN20260108","3","19","81.6","3.8","66.8","Weather Observation: Tools and Applications equips IMD personnel with the knowledge and skills required for standard surface and upper-air weather observation practices and data quality control. This advanced course is designed for experienced officers seeking to master specialized techniques and lead operational deployment. Delivered in a hybrid format combining self-paced online modules with in-person practical sessions. The course maps to the 'Weather observation' competency in the Capacity Connect competency framework and includes assessments to validate skill acquisition.","System.Object[]"
"C1326","Practical Lab: Weather Observation","Weather observation","Weather Observation","Beginner","Online","24","3","25","System.Object[]","System.Object[]","False","2026-10-25","2026-11-15","upcoming","5","TRN20260108","3","12","68.8","4.7","79.6","Practical Lab: Weather Observation equips IMD personnel with the knowledge and skills required for standard surface and upper-air weather observation practices and data quality control. This entry-level course builds foundational understanding for officers new to the subject, with no prior experience assumed. Delivered fully online through self-paced modules and live virtual sessions. The course maps to the 'Weather observation' competency in the Capacity Connect competency framework and includes assessments to validate skill acquisition.","System.Object[]"
"C1327","Weather Observation Essentials","Weather observation","Weather Observation","Beginner","Offline","8","1","20","System.Object[]","System.Object[]","False","2026-06-22","2026-06-29","completed","5","TRN20260108","7","11","93.4","4","63.1","Weather Observation Essentials equips IMD personnel with the knowledge and skills required for standard surface and upper-air weather observation practices and data quality control. This entry-level course builds foundational understanding for officers new to the subject, with no prior experience assumed. Delivered as an in-person, station-based training programme with hands-on instruction. The course maps to the 'Weather observation' competency in the Capacity Connect competency framework and includes assessments to validate skill acquisition.","System.Object[]"
"C1328","Weather Observation for Decision Makers","Weather observation","Weather Observation","Advanced","Hybrid","8","1","20","System.Object[]","System.Object[]","False","2026-05-29","2026-06-05","completed","5","TRN20260108","4","5","67.6","4.8","81.1","Weather Observation for Decision Makers equips IMD personnel with the knowledge and skills required for standard surface and upper-air weather observation practices and data quality control. This advanced course is designed for experienced officers seeking to master specialized techniques and lead operational deployment. Delivered in a hybrid format combining self-paced online modules with in-person practical sessions. The course maps to the 'Weather observation' competency in the Capacity Connect competency framework and includes assessments to validate skill acquisition.","System.Object[]"
"C1329","Weather Observation for Regional Centres","Weather observation","Weather Observation","Beginner","Online","16","2","40","System.Object[]","System.Object[]","False","2026-11-26","2026-12-10","upcoming","5","TRN20260108","3","31","79.9","4.3","90.7","Weather Observation for Regional Centres equips IMD personnel with the knowledge and skills required for standard surface and upper-air weather observation practices and data quality control. This entry-level course builds foundational understanding for officers new to the subject, with no prior experience assumed. Delivered fully online through self-paced modules and live virtual sessions. The course maps to the 'Weather observation' competency in the Capacity Connect competency framework and includes assessments to validate skill acquisition.","System.Object[]"
"C1330","Weather Observation: Core Concepts","Weather observation","Weather Observation","Intermediate","Offline","20","2","30","System.Object[]","System.Object[]","False","2026-06-13","2026-06-27","completed","5","TRN20260108","4","9","70.2","4","66.5","Weather Observation: Core Concepts equips IMD personnel with the knowledge and skills required for standard surface and upper-air weather observation practices and data quality control. This intermediate course assumes basic familiarity with the subject and deepens practical, applied skills. Delivered as an in-person, station-based training programme with hands-on instruction. The course maps to the 'Weather observation' competency in the Capacity Connect competency framework and includes assessments to validate skill acquisition.","System.Object[]"
"C1331","Weather Observation in Operational Forecasting","Weather observation","Weather Observation","Advanced","Hybrid","12","2","25","System.Object[]","System.Object[]","True","2026-09-15","2026-09-29","ongoing","5","TRN20260108","5","10","63.8","4.4","86","Weather Observation in Operational Forecasting equips IMD personnel with the knowledge and skills required for standard surface and upper-air weather observation practices and data quality control. This advanced course is designed for experienced officers seeking to master specialized techniques and lead operational deployment. Delivered in a hybrid format combining self-paced online modules with in-person practical sessions. The course maps to the 'Weather observation' competency in the Capacity Connect competency framework and includes assessments to validate skill acquisition.","System.Object[]"
"C1332","Specialized Weather Observation Training","Weather observation","Weather Observation","Beginner","Online","16","2","40","System.Object[]","System.Object[]","False","2026-11-20","2026-12-04","upcoming","5","TRN20260108","6","39","97","3.8","87.5","Specialized Weather Observation Training equips IMD personnel with the knowledge and skills required for standard surface and upper-air weather observation practices and data quality control. This entry-level course builds foundational understanding for officers new to the subject, with no prior experience assumed. Delivered fully online through self-paced modules and live virtual sessions. The course maps to the 'Weather observation' competency in the Capacity Connect competency framework and includes assessments to validate skill acquisition.","System.Object[]"
"C1333","Weather Observation Certification Program","Weather observation","Weather Observation","Intermediate","Offline","40","5","50","System.Object[]","System.Object[]","True","2026-09-06","2026-10-11","ongoing","5","TRN20260108","8","30","81.6","3.6","73.9","Weather Observation Certification Program equips IMD personnel with the knowledge and skills required for standard surface and upper-air weather observation practices and data quality control. This intermediate course assumes basic familiarity with the subject and deepens practical, applied skills. Delivered as an in-person, station-based training programme with hands-on instruction. The course maps to the 'Weather observation' competency in the Capacity Connect competency framework and includes assessments to validate skill acquisition.","System.Object[]"
"C1334","Weather Observation: Case Studies from Indian Meteorology","Weather observation","Weather Observation","Advanced","Hybrid","24","3","25","System.Object[]","System.Object[]","True","2026-12-09","2026-12-30","upcoming","5","TRN20260108","3","21","72","4","83.5","Weather Observation: Case Studies from Indian Meteorology equips IMD personnel with the knowledge and skills required for standard surface and upper-air weather observation practices and data quality control. This advanced course is designed for experienced officers seeking to master specialized techniques and lead operational deployment. Delivered in a hybrid format combining self-paced online modules with in-person practical sessions. The course maps to the 'Weather observation' competency in the Capacity Connect competency framework and includes assessments to validate skill acquisition.","System.Object[]"
"C1335","Foundations of Weather Observation","Weather observation","Weather Observation","Beginner","Online","32","4","30","System.Object[]","System.Object[]","False","2026-11-05","2026-12-03","upcoming","5","TRN20260108","6","19","92.6","3.3","88.4","Foundations of Weather Observation equips IMD personnel with the knowledge and skills required for standard surface and upper-air weather observation practices and data quality control. This entry-level course builds foundational understanding for officers new to the subject, with no prior experience assumed. Delivered fully online through self-paced modules and live virtual sessions. The course maps to the 'Weather observation' competency in the Capacity Connect competency framework and includes assessments to validate skill acquisition.","System.Object[]"
"C114","Forecast Verification","Forecast verification","Forecast Verification","Beginner","Online","32","4","50","System.Object[]","System.Object[]","False","2026-06-09","2026-07-07","completed","5","TRN20260176","5","40","86.8","3.6","90.9","Forecast Verification equips IMD personnel with the knowledge and skills required for statistical and categorical verification methods for evaluating forecast skill. This entry-level course builds foundational understanding for officers new to the subject, with no prior experience assumed. Delivered fully online through self-paced modules and live virtual sessions. The course maps to the 'Forecast verification' competency in the Capacity Connect competency framework and includes assessments to validate skill acquisition.","System.Object[]"
"C1336","Forecast Verification Best Practices","Forecast verification","Forecast Verification","Intermediate","Offline","16","2","40","System.Object[]","System.Object[]","True","2026-11-21","2026-12-05","upcoming","5","TRN20260176","6","28","80","4.2","93.9","Forecast Verification Best Practices equips IMD personnel with the knowledge and skills required for statistical and categorical verification methods for evaluating forecast skill. This intermediate course assumes basic familiarity with the subject and deepens practical, applied skills. Delivered as an in-person, station-based training programme with hands-on instruction. The course maps to the 'Forecast verification' competency in the Capacity Connect competency framework and includes assessments to validate skill acquisition.","System.Object[]"
"C1337","Forecast Verification Essentials","Forecast verification","Forecast Verification","Beginner","Hybrid","16","2","50","System.Object[]","System.Object[]","True","2026-09-21","2026-10-05","upcoming","5","TRN20260176","4","15","57.3","3.8","84.8","Forecast Verification Essentials equips IMD personnel with the knowledge and skills required for statistical and categorical verification methods for evaluating forecast skill. This entry-level course builds foundational understanding for officers new to the subject, with no prior experience assumed. Delivered in a hybrid format combining self-paced online modules with in-person practical sessions. The course maps to the 'Forecast verification' competency in the Capacity Connect competency framework and includes assessments to validate skill acquisition.","System.Object[]"
"C1338","Forecast Verification in Operational Forecasting","Forecast verification","Forecast Verification","Beginner","Online","16","2","30","System.Object[]","System.Object[]","False","2026-06-01","2026-06-15","completed","5","TRN20260176","7","8","78","3.8","65.6","Forecast Verification in Operational Forecasting equips IMD personnel with the knowledge and skills required for statistical and categorical verification methods for evaluating forecast skill. This entry-level course builds foundational understanding for officers new to the subject, with no prior experience assumed. Delivered fully online through self-paced modules and live virtual sessions. The course maps to the 'Forecast verification' competency in the Capacity Connect competency framework and includes assessments to validate skill acquisition.","System.Object[]"
"C1339","Applied Forecast Verification","Forecast verification","Forecast Verification","Intermediate","Offline","16","2","40","System.Object[]","System.Object[]","False","2026-10-22","2026-11-05","upcoming","5","TRN20260176","4","39","85.6","4.4","91.3","Applied Forecast Verification equips IMD personnel with the knowledge and skills required for statistical and categorical verification methods for evaluating forecast skill. This intermediate course assumes basic familiarity with the subject and deepens practical, applied skills. Delivered as an in-person, station-based training programme with hands-on instruction. The course maps to the 'Forecast verification' competency in the Capacity Connect competency framework and includes assessments to validate skill acquisition.","System.Object[]"
"C1340","Forecast Verification for Regional Centres","Forecast verification","Forecast Verification","Advanced","Hybrid","8","1","20","System.Object[]","System.Object[]","True","2026-07-14","2026-07-21","completed","5","TRN20260176","5","10","85.5","3.2","91.8","Forecast Verification for Regional Centres equips IMD personnel with the knowledge and skills required for statistical and categorical verification methods for evaluating forecast skill. This advanced course is designed for experienced officers seeking to master specialized techniques and lead operational deployment. Delivered in a hybrid format combining self-paced online modules with in-person practical sessions. The course maps to the 'Forecast verification' competency in the Capacity Connect competency framework and includes assessments to validate skill acquisition.","System.Object[]"
"C1341","Intermediate Forecast Verification","Forecast verification","Forecast Verification","Beginner","Online","40","5","25","System.Object[]","System.Object[]","True","2026-05-17","2026-06-21","completed","5","TRN20260176","3","5","88.3","4.5","61.7","Intermediate Forecast Verification equips IMD personnel with the knowledge and skills required for statistical and categorical verification methods for evaluating forecast skill. This entry-level course builds foundational understanding for officers new to the subject, with no prior experience assumed. Delivered fully online through self-paced modules and live virtual sessions. The course maps to the 'Forecast verification' competency in the Capacity Connect competency framework and includes assessments to validate skill acquisition.","System.Object[]"
"C1342","Foundations of Forecast Verification","Forecast verification","Forecast Verification","Beginner","Offline","40","5","50","System.Object[]","System.Object[]","False","2026-06-25","2026-07-30","completed","5","TRN20260176","3","12","94.6","3.5","95.1","Foundations of Forecast Verification equips IMD personnel with the knowledge and skills required for statistical and categorical verification methods for evaluating forecast skill. This entry-level course builds foundational understanding for officers new to the subject, with no prior experience assumed. Delivered as an in-person, station-based training programme with hands-on instruction. The course maps to the 'Forecast verification' competency in the Capacity Connect competency framework and includes assessments to validate skill acquisition.","System.Object[]"
"C1343","Forecast Verification Refresher Course","Forecast verification","Forecast Verification","Advanced","Hybrid","8","1","20","System.Object[]","System.Object[]","False","2026-06-29","2026-07-06","completed","5","TRN20260176","5","8","90.2","4.5","80.6","Forecast Verification Refresher Course equips IMD personnel with the knowledge and skills required for statistical and categorical verification methods for evaluating forecast skill. This advanced course is designed for experienced officers seeking to master specialized techniques and lead operational deployment. Delivered in a hybrid format combining self-paced online modules with in-person practical sessions. The course maps to the 'Forecast verification' competency in the Capacity Connect competency framework and includes assessments to validate skill acquisition.","System.Object[]"
"C1344","Specialized Forecast Verification Training","Forecast verification","Forecast Verification","Beginner","Online","12","2","50","System.Object[]","System.Object[]","True","2026-08-30","2026-09-13","completed","5","TRN20260176","8","32","64.2","3.6","64.4","Specialized Forecast Verification Training equips IMD personnel with the knowledge and skills required for statistical and categorical verification methods for evaluating forecast skill. This entry-level course builds foundational understanding for officers new to the subject, with no prior experience assumed. Delivered fully online through self-paced modules and live virtual sessions. The course maps to the 'Forecast verification' competency in the Capacity Connect competency framework and includes assessments to validate skill acquisition.","System.Object[]"
"C1345","Hands-on Forecast Verification","Forecast verification","Forecast Verification","Intermediate","Offline","20","2","20","System.Object[]","System.Object[]","True","2026-11-05","2026-11-19","upcoming","5","TRN20260176","3","17","67.2","4.2","72.2","Hands-on Forecast Verification equips IMD personnel with the knowledge and skills required for statistical and categorical verification methods for evaluating forecast skill. This intermediate course assumes basic familiarity with the subject and deepens practical, applied skills. Delivered as an in-person, station-based training programme with hands-on instruction. The course maps to the 'Forecast verification' competency in the Capacity Connect competency framework and includes assessments to validate skill acquisition.","System.Object[]"
"C1346","Introduction to Forecast Verification","Forecast verification","Forecast Verification","Beginner","Hybrid","24","3","40","System.Object[]","System.Object[]","True","2026-05-14","2026-06-04","completed","5","TRN20260176","8","10","60.1","3.9","87.1","Introduction to Forecast Verification equips IMD personnel with the knowledge and skills required for statistical and categorical verification methods for evaluating forecast skill. This entry-level course builds foundational understanding for officers new to the subject, with no prior experience assumed. Delivered in a hybrid format combining self-paced online modules with in-person practical sessions. The course maps to the 'Forecast verification' competency in the Capacity Connect competency framework and includes assessments to validate skill acquisition.","System.Object[]"
"C1347","Forecast Verification Capstone Project","Forecast verification","Forecast Verification","Beginner","Online","8","1","30","System.Object[]","System.Object[]","False","2026-11-21","2026-11-28","upcoming","5","TRN20260176","6","29","88.9","4.3","75.6","Forecast Verification Capstone Project equips IMD personnel with the knowledge and skills required for statistical and categorical verification methods for evaluating forecast skill. This entry-level course builds foundational understanding for officers new to the subject, with no prior experience assumed. Delivered fully online through self-paced modules and live virtual sessions. The course maps to the 'Forecast verification' competency in the Capacity Connect competency framework and includes assessments to validate skill acquisition.","System.Object[]"
"C1348","Practical Lab: Forecast Verification","Forecast verification","Forecast Verification","Intermediate","Offline","20","2","50","System.Object[]","System.Object[]","True","2026-04-19","2026-05-03","completed","5","TRN20260176","3","19","82","3.4","63.9","Practical Lab: Forecast Verification equips IMD personnel with the knowledge and skills required for statistical and categorical verification methods for evaluating forecast skill. This intermediate course assumes basic familiarity with the subject and deepens practical, applied skills. Delivered as an in-person, station-based training programme with hands-on instruction. The course maps to the 'Forecast verification' competency in the Capacity Connect competency framework and includes assessments to validate skill acquisition.","System.Object[]"
"C1349","Forecast Verification Certification Program","Forecast verification","Forecast Verification","Advanced","Hybrid","20","2","20","System.Object[]","System.Object[]","False","2026-11-29","2026-12-13","upcoming","5","TRN20260176","5","20","89.1","3.5","85.8","Forecast Verification Certification Program equips IMD personnel with the knowledge and skills required for statistical and categorical verification methods for evaluating forecast skill. This advanced course is designed for experienced officers seeking to master specialized techniques and lead operational deployment. Delivered in a hybrid format combining self-paced online modules with in-person practical sessions. The course maps to the 'Forecast verification' competency in the Capacity Connect competency framework and includes assessments to validate skill acquisition.","System.Object[]"
"C1350","Forecast Verification Data Handling and Quality Control","Forecast verification","Forecast Verification","Beginner","Online","24","3","30","System.Object[]","System.Object[]","False","2026-06-15","2026-07-06","completed","5","TRN20260176","6","6","62.6","4.3","90.4","Forecast Verification Data Handling and Quality Control equips IMD personnel with the knowledge and skills required for statistical and categorical verification methods for evaluating forecast skill. This entry-level course builds foundational understanding for officers new to the subject, with no prior experience assumed. Delivered fully online through self-paced modules and live virtual sessions. The course maps to the 'Forecast verification' competency in the Capacity Connect competency framework and includes assessments to validate skill acquisition.","System.Object[]"
"C1351","Forecast Verification Workshop","Forecast verification","Forecast Verification","Intermediate","Offline","20","2","25","System.Object[]","System.Object[]","False","2026-09-19","2026-10-03","ongoing","5","TRN20260176","8","17","66.3","4.2","74.7","Forecast Verification Workshop equips IMD personnel with the knowledge and skills required for statistical and categorical verification methods for evaluating forecast skill. This intermediate course assumes basic familiarity with the subject and deepens practical, applied skills. Delivered as an in-person, station-based training programme with hands-on instruction. The course maps to the 'Forecast verification' competency in the Capacity Connect competency framework and includes assessments to validate skill acquisition.","System.Object[]"
"C1352","Master Class: Forecast Verification","Forecast verification","Forecast Verification","Advanced","Hybrid","16","2","20","System.Object[]","System.Object[]","True","2026-07-26","2026-08-09","completed","5","TRN20260176","5","16","97.7","3.9","62.2","Master Class: Forecast Verification equips IMD personnel with the knowledge and skills required for statistical and categorical verification methods for evaluating forecast skill. This advanced course is designed for experienced officers seeking to master specialized techniques and lead operational deployment. Delivered in a hybrid format combining self-paced online modules with in-person practical sessions. The course maps to the 'Forecast verification' competency in the Capacity Connect competency framework and includes assessments to validate skill acquisition.","System.Object[]"
"C1353","Forecast Verification: Core Concepts","Forecast verification","Forecast Verification","Beginner","Online","12","2","30","System.Object[]","System.Object[]","False","2026-10-24","2026-11-07","upcoming","5","TRN20260176","5","19","83.3","3.9","80.1","Forecast Verification: Core Concepts equips IMD personnel with the knowledge and skills required for statistical and categorical verification methods for evaluating forecast skill. This entry-level course builds foundational understanding for officers new to the subject, with no prior experience assumed. Delivered fully online through self-paced modules and live virtual sessions. The course maps to the 'Forecast verification' competency in the Capacity Connect competency framework and includes assessments to validate skill acquisition.","System.Object[]"
"C1354","Forecast Verification: Case Studies from Indian Meteorology","Forecast verification","Forecast Verification","Intermediate","Offline","8","1","40","System.Object[]","System.Object[]","False","2026-08-23","2026-08-30","completed","5","TRN20260176","5","37","89.9","4.3","66.5","Forecast Verification: Case Studies from Indian Meteorology equips IMD personnel with the knowledge and skills required for statistical and categorical verification methods for evaluating forecast skill. This intermediate course assumes basic familiarity with the subject and deepens practical, applied skills. Delivered as an in-person, station-based training programme with hands-on instruction. The course maps to the 'Forecast verification' competency in the Capacity Connect competency framework and includes assessments to validate skill acquisition.","System.Object[]"
"C1355","Advanced Forecast Verification Techniques","Forecast verification","Forecast Verification","Advanced","Hybrid","20","2","25","System.Object[]","System.Object[]","False","2026-05-10","2026-05-24","completed","5","TRN20260176","5","24","86.9","3.4","92.9","Advanced Forecast Verification Techniques equips IMD personnel with the knowledge and skills required for statistical and categorical verification methods for evaluating forecast skill. This advanced course is designed for experienced officers seeking to master specialized techniques and lead operational deployment. Delivered in a hybrid format combining self-paced online modules with in-person practical sessions. The course maps to the 'Forecast verification' competency in the Capacity Connect competency framework and includes assessments to validate skill acquisition.","System.Object[]"
"C1356","Forecast Verification for New Recruits","Forecast verification","Forecast Verification","Beginner","Online","16","2","20","System.Object[]","System.Object[]","True","2026-12-28","2027-01-11","upcoming","5","TRN20260176","8","17","65.8","4.1","86.2","Forecast Verification for New Recruits equips IMD personnel with the knowledge and skills required for statistical and categorical verification methods for evaluating forecast skill. This entry-level course builds foundational understanding for officers new to the subject, with no prior experience assumed. Delivered fully online through self-paced modules and live virtual sessions. The course maps to the 'Forecast verification' competency in the Capacity Connect competency framework and includes assessments to validate skill acquisition.","System.Object[]"
"C1357","Forecast Verification: Tools and Applications","Forecast verification","Forecast Verification","Intermediate","Offline","8","1","50","System.Object[]","System.Object[]","False","2026-08-23","2026-08-30","completed","5","TRN20260176","8","34","61.4","3.5","86.7","Forecast Verification: Tools and Applications equips IMD personnel with the knowledge and skills required for statistical and categorical verification methods for evaluating forecast skill. This intermediate course assumes basic familiarity with the subject and deepens practical, applied skills. Delivered as an in-person, station-based training programme with hands-on instruction. The course maps to the 'Forecast verification' competency in the Capacity Connect competency framework and includes assessments to validate skill acquisition.","System.Object[]"
"C1358","Forecast Verification for Field Officers","Forecast verification","Forecast Verification","Advanced","Hybrid","20","2","30","System.Object[]","System.Object[]","False","2026-08-28","2026-09-11","completed","5","TRN20260176","5","12","59.9","3.5","69.6","Forecast Verification for Field Officers equips IMD personnel with the knowledge and skills required for statistical and categorical verification methods for evaluating forecast skill. This advanced course is designed for experienced officers seeking to master specialized techniques and lead operational deployment. Delivered in a hybrid format combining self-paced online modules with in-person practical sessions. The course maps to the 'Forecast verification' competency in the Capacity Connect competency framework and includes assessments to validate skill acquisition.","System.Object[]"
"C1359","Forecast Verification for Decision Makers","Forecast verification","Forecast Verification","Beginner","Online","20","2","50","System.Object[]","System.Object[]","True","2026-11-26","2026-12-10","upcoming","5","TRN20260176","4","22","83.3","3.5","93.2","Forecast Verification for Decision Makers equips IMD personnel with the knowledge and skills required for statistical and categorical verification methods for evaluating forecast skill. This entry-level course builds foundational understanding for officers new to the subject, with no prior experience assumed. Delivered fully online through self-paced modules and live virtual sessions. The course maps to the 'Forecast verification' competency in the Capacity Connect competency framework and includes assessments to validate skill acquisition.","System.Object[]"
"C115","GIS for Meteorological Applications","GIS and geospatial analysis","GIS and Geospatial Analysis","Beginner","Online","12","2","50","System.Object[]","System.Object[]","False","2026-11-29","2026-12-13","upcoming","5","TRN20260274","8","22","73.9","3.6","83","GIS for Meteorological Applications equips IMD personnel with the knowledge and skills required for geospatial data handling, mapping and GIS tools for meteorological applications. This entry-level course builds foundational understanding for officers new to the subject, with no prior experience assumed. Delivered fully online through self-paced modules and live virtual sessions. The course maps to the 'GIS and geospatial analysis' competency in the Capacity Connect competency framework and includes assessments to validate skill acquisition.","System.Object[]"
"C1360","GIS and Geospatial Analysis Bootcamp","GIS and geospatial analysis","GIS and Geospatial Analysis","Intermediate","Offline","32","4","20","System.Object[]","System.Object[]","True","2026-04-19","2026-05-17","completed","5","TRN20260274","5","5","82.8","4.7","61.4","GIS and Geospatial Analysis Bootcamp equips IMD personnel with the knowledge and skills required for geospatial data handling, mapping and GIS tools for meteorological applications. This intermediate course assumes basic familiarity with the subject and deepens practical, applied skills. Delivered as an in-person, station-based training programme with hands-on instruction. The course maps to the 'GIS and geospatial analysis' competency in the Capacity Connect competency framework and includes assessments to validate skill acquisition.","System.Object[]"
"C1361","Foundations of GIS and Geospatial Analysis","GIS and geospatial analysis","GIS and Geospatial Analysis","Beginner","Hybrid","16","2","50","System.Object[]","System.Object[]","True","2026-07-08","2026-07-22","completed","5","TRN20260274","8","24","58.9","4.6","69.2","Foundations of GIS and Geospatial Analysis equips IMD personnel with the knowledge and skills required for geospatial data handling, mapping and GIS tools for meteorological applications. This entry-level course builds foundational understanding for officers new to the subject, with no prior experience assumed. Delivered in a hybrid format combining self-paced online modules with in-person practical sessions. The course maps to the 'GIS and geospatial analysis' competency in the Capacity Connect competency framework and includes assessments to validate skill acquisition.","System.Object[]"
"C1362","GIS and Geospatial Analysis Certification Program","GIS and geospatial analysis","GIS and Geospatial Analysis","Beginner","Online","20","2","30","System.Object[]","System.Object[]","False","2026-12-28","2027-01-11","upcoming","5","TRN20260274","6","27","66.2","3.3","76.4","GIS and Geospatial Analysis Certification Program equips IMD personnel with the knowledge and skills required for geospatial data handling, mapping and GIS tools for meteorological applications. This entry-level course builds foundational understanding for officers new to the subject, with no prior experience assumed. Delivered fully online through self-paced modules and live virtual sessions. The course maps to the 'GIS and geospatial analysis' competency in the Capacity Connect competency framework and includes assessments to validate skill acquisition.","System.Object[]"
"C1363","Specialized GIS and Geospatial Analysis Training","GIS and geospatial analysis","GIS and Geospatial Analysis","Intermediate","Offline","20","2","20","System.Object[]","System.Object[]","False","2026-05-28","2026-06-11","completed","5","TRN20260274","8","8","61.8","4.1","97.8","Specialized GIS and Geospatial Analysis Training equips IMD personnel with the knowledge and skills required for geospatial data handling, mapping and GIS tools for meteorological applications. This intermediate course assumes basic familiarity with the subject and deepens practical, applied skills. Delivered as an in-person, station-based training programme with hands-on instruction. The course maps to the 'GIS and geospatial analysis' competency in the Capacity Connect competency framework and includes assessments to validate skill acquisition.","System.Object[]"
"C1364","GIS and Geospatial Analysis Workshop","GIS and geospatial analysis","GIS and Geospatial Analysis","Advanced","Hybrid","40","5","30","System.Object[]","System.Object[]","True","2027-01-09","2027-02-13","upcoming","5","TRN20260274","5","7","72.8","3.5","94.2","GIS and Geospatial Analysis Workshop equips IMD personnel with the knowledge and skills required for geospatial data handling, mapping and GIS tools for meteorological applications. This advanced course is designed for experienced officers seeking to master specialized techniques and lead operational deployment. Delivered in a hybrid format combining self-paced online modules with in-person practical sessions. The course maps to the 'GIS and geospatial analysis' competency in the Capacity Connect competency framework and includes assessments to validate skill acquisition.","System.Object[]"
"C1365","GIS and Geospatial Analysis for Field Officers","GIS and geospatial analysis","GIS and Geospatial Analysis","Beginner","Online","8","1","20","System.Object[]","System.Object[]","False","2026-12-17","2026-12-24","upcoming","5","TRN20260274","8","16","62.3","4.2","60.6","GIS and Geospatial Analysis for Field Officers equips IMD personnel with the knowledge and skills required for geospatial data handling, mapping and GIS tools for meteorological applications. This entry-level course builds foundational understanding for officers new to the subject, with no prior experience assumed. Delivered fully online through self-paced modules and live virtual sessions. The course maps to the 'GIS and geospatial analysis' competency in the Capacity Connect competency framework and includes assessments to validate skill acquisition.","System.Object[]"
"C1366","Advanced GIS and Geospatial Analysis Techniques","GIS and geospatial analysis","GIS and Geospatial Analysis","Advanced","Offline","40","5","40","System.Object[]","System.Object[]","False","2026-06-27","2026-08-01","completed","5","TRN20260274","5","18","80.8","4.9","71","Advanced GIS and Geospatial Analysis Techniques equips IMD personnel with the knowledge and skills required for geospatial data handling, mapping and GIS tools for meteorological applications. This advanced course is designed for experienced officers seeking to master specialized techniques and lead operational deployment. Delivered as an in-person, station-based training programme with hands-on instruction. The course maps to the 'GIS and geospatial analysis' competency in the Capacity Connect competency framework and includes assessments to validate skill acquisition.","System.Object[]"
"C1367","GIS and Geospatial Analysis Capstone Project","GIS and geospatial analysis","GIS and Geospatial Analysis","Advanced","Hybrid","12","2","40","System.Object[]","System.Object[]","True","2026-10-12","2026-10-26","upcoming","5","TRN20260274","4","34","58.7","4","94","GIS and Geospatial Analysis Capstone Project equips IMD personnel with the knowledge and skills required for geospatial data handling, mapping and GIS tools for meteorological applications. This advanced course is designed for experienced officers seeking to master specialized techniques and lead operational deployment. Delivered in a hybrid format combining self-paced online modules with in-person practical sessions. The course maps to the 'GIS and geospatial analysis' competency in the Capacity Connect competency framework and includes assessments to validate skill acquisition.","System.Object[]"
"C1368","Practical Lab: GIS and Geospatial Analysis","GIS and geospatial analysis","GIS and Geospatial Analysis","Beginner","Online","32","4","40","System.Object[]","System.Object[]","True","2026-04-15","2026-05-13","completed","5","TRN20260274","3","26","95","4","73.8","Practical Lab: GIS and Geospatial Analysis equips IMD personnel with the knowledge and skills required for geospatial data handling, mapping and GIS tools for meteorological applications. This entry-level course builds foundational understanding for officers new to the subject, with no prior experience assumed. Delivered fully online through self-paced modules and live virtual sessions. The course maps to the 'GIS and geospatial analysis' competency in the Capacity Connect competency framework and includes assessments to validate skill acquisition.","System.Object[]"
"C1369","GIS and Geospatial Analysis Essentials","GIS and geospatial analysis","GIS and Geospatial Analysis","Beginner","Offline","16","2","50","System.Object[]","System.Object[]","False","2026-12-19","2027-01-02","upcoming","5","TRN20260274","7","26","92.7","3.4","72.4","GIS and Geospatial Analysis Essentials equips IMD personnel with the knowledge and skills required for geospatial data handling, mapping and GIS tools for meteorological applications. This entry-level course builds foundational understanding for officers new to the subject, with no prior experience assumed. Delivered as an in-person, station-based training programme with hands-on instruction. The course maps to the 'GIS and geospatial analysis' competency in the Capacity Connect competency framework and includes assessments to validate skill acquisition.","System.Object[]"
"C1370","GIS and Geospatial Analysis Best Practices","GIS and geospatial analysis","GIS and Geospatial Analysis","Advanced","Hybrid","12","2","30","System.Object[]","System.Object[]","False","2026-06-15","2026-06-29","completed","5","TRN20260274","6","29","94.8","4.1","77","GIS and Geospatial Analysis Best Practices equips IMD personnel with the knowledge and skills required for geospatial data handling, mapping and GIS tools for meteorological applications. This advanced course is designed for experienced officers seeking to master specialized techniques and lead operational deployment. Delivered in a hybrid format combining self-paced online modules with in-person practical sessions. The course maps to the 'GIS and geospatial analysis' competency in the Capacity Connect competency framework and includes assessments to validate skill acquisition.","System.Object[]"
"C1371","Intermediate GIS and Geospatial Analysis","GIS and geospatial analysis","GIS and Geospatial Analysis","Beginner","Online","32","4","40","System.Object[]","System.Object[]","True","2026-12-01","2026-12-29","upcoming","5","TRN20260274","4","35","66.2","4.4","77","Intermediate GIS and Geospatial Analysis equips IMD personnel with the knowledge and skills required for geospatial data handling, mapping and GIS tools for meteorological applications. This entry-level course builds foundational understanding for officers new to the subject, with no prior experience assumed. Delivered fully online through self-paced modules and live virtual sessions. The course maps to the 'GIS and geospatial analysis' competency in the Capacity Connect competency framework and includes assessments to validate skill acquisition.","System.Object[]"
"C1372","GIS and Geospatial Analysis Data Handling and Quality Control","GIS and geospatial analysis","GIS and Geospatial Analysis","Intermediate","Offline","20","2","30","System.Object[]","System.Object[]","True","2026-08-09","2026-08-23","completed","5","TRN20260274","3","14","62.8","3.5","79.8","GIS and Geospatial Analysis Data Handling and Quality Control equips IMD personnel with the knowledge and skills required for geospatial data handling, mapping and GIS tools for meteorological applications. This intermediate course assumes basic familiarity with the subject and deepens practical, applied skills. Delivered as an in-person, station-based training programme with hands-on instruction. The course maps to the 'GIS and geospatial analysis' competency in the Capacity Connect competency framework and includes assessments to validate skill acquisition.","System.Object[]"
"C1373","GIS and Geospatial Analysis for Regional Centres","GIS and geospatial analysis","GIS and Geospatial Analysis","Advanced","Hybrid","24","3","20","System.Object[]","System.Object[]","False","2026-11-23","2026-12-14","upcoming","5","TRN20260274","8","8","91","3.5","63.2","GIS and Geospatial Analysis for Regional Centres equips IMD personnel with the knowledge and skills required for geospatial data handling, mapping and GIS tools for meteorological applications. This advanced course is designed for experienced officers seeking to master specialized techniques and lead operational deployment. Delivered in a hybrid format combining self-paced online modules with in-person practical sessions. The course maps to the 'GIS and geospatial analysis' competency in the Capacity Connect competency framework and includes assessments to validate skill acquisition.","System.Object[]"
"C1374","GIS and Geospatial Analysis: Case Studies from Indian Meteorology","GIS and geospatial analysis","GIS and Geospatial Analysis","Beginner","Online","32","4","30","System.Object[]","System.Object[]","True","2026-10-04","2026-11-01","upcoming","5","TRN20260274","5","15","89.3","4.5","81.3","GIS and Geospatial Analysis: Case Studies from Indian Meteorology equips IMD personnel with the knowledge and skills required for geospatial data handling, mapping and GIS tools for meteorological applications. This entry-level course builds foundational understanding for officers new to the subject, with no prior experience assumed. Delivered fully online through self-paced modules and live virtual sessions. The course maps to the 'GIS and geospatial analysis' competency in the Capacity Connect competency framework and includes assessments to validate skill acquisition.","System.Object[]"
"C1375","GIS and Geospatial Analysis in Operational Forecasting","GIS and geospatial analysis","GIS and Geospatial Analysis","Intermediate","Offline","20","2","30","System.Object[]","System.Object[]","True","2026-06-09","2026-06-23","completed","5","TRN20260274","3","17","88.5","3.7","89.3","GIS and Geospatial Analysis in Operational Forecasting equips IMD personnel with the knowledge and skills required for geospatial data handling, mapping and GIS tools for meteorological applications. This intermediate course assumes basic familiarity with the subject and deepens practical, applied skills. Delivered as an in-person, station-based training programme with hands-on instruction. The course maps to the 'GIS and geospatial analysis' competency in the Capacity Connect competency framework and includes assessments to validate skill acquisition.","System.Object[]"
"C1376","GIS and Geospatial Analysis for New Recruits","GIS and geospatial analysis","GIS and Geospatial Analysis","Beginner","Hybrid","16","2","40","System.Object[]","System.Object[]","True","2026-10-25","2026-11-08","upcoming","5","TRN20260274","5","33","93.1","4","82","GIS and Geospatial Analysis for New Recruits equips IMD personnel with the knowledge and skills required for geospatial data handling, mapping and GIS tools for meteorological applications. This entry-level course builds foundational understanding for officers new to the subject, with no prior experience assumed. Delivered in a hybrid format combining self-paced online modules with in-person practical sessions. The course maps to the 'GIS and geospatial analysis' competency in the Capacity Connect competency framework and includes assessments to validate skill acquisition.","System.Object[]"
"C1377","Applied GIS and Geospatial Analysis","GIS and geospatial analysis","GIS and Geospatial Analysis","Beginner","Online","40","5","40","System.Object[]","System.Object[]","True","2026-12-01","2027-01-05","upcoming","5","TRN20260274","3","34","84.1","4.3","87.8","Applied GIS and Geospatial Analysis equips IMD personnel with the knowledge and skills required for geospatial data handling, mapping and GIS tools for meteorological applications. This entry-level course builds foundational understanding for officers new to the subject, with no prior experience assumed. Delivered fully online through self-paced modules and live virtual sessions. The course maps to the 'GIS and geospatial analysis' competency in the Capacity Connect competency framework and includes assessments to validate skill acquisition.","System.Object[]"
"C1378","GIS and Geospatial Analysis: Tools and Applications","GIS and geospatial analysis","GIS and Geospatial Analysis","Intermediate","Offline","16","2","40","System.Object[]","System.Object[]","True","2026-04-15","2026-04-29","completed","5","TRN20260274","4","32","67.7","3.3","63","GIS and Geospatial Analysis: Tools and Applications equips IMD personnel with the knowledge and skills required for geospatial data handling, mapping and GIS tools for meteorological applications. This intermediate course assumes basic familiarity with the subject and deepens practical, applied skills. Delivered as an in-person, station-based training programme with hands-on instruction. The course maps to the 'GIS and geospatial analysis' competency in the Capacity Connect competency framework and includes assessments to validate skill acquisition.","System.Object[]"
"C1379","Hands-on GIS and Geospatial Analysis","GIS and geospatial analysis","GIS and Geospatial Analysis","Advanced","Hybrid","24","3","40","System.Object[]","System.Object[]","False","2026-06-24","2026-07-15","completed","5","TRN20260274","5","6","59.9","4.3","67","Hands-on GIS and Geospatial Analysis equips IMD personnel with the knowledge and skills required for geospatial data handling, mapping and GIS tools for meteorological applications. This advanced course is designed for experienced officers seeking to master specialized techniques and lead operational deployment. Delivered in a hybrid format combining self-paced online modules with in-person practical sessions. The course maps to the 'GIS and geospatial analysis' competency in the Capacity Connect competency framework and includes assessments to validate skill acquisition.","System.Object[]"
"C1380","GIS and Geospatial Analysis for Decision Makers","GIS and geospatial analysis","GIS and Geospatial Analysis","Beginner","Online","8","1","20","System.Object[]","System.Object[]","True","2026-03-29","2026-04-05","completed","5","TRN20260274","8","8","73.7","3.2","75.4","GIS and Geospatial Analysis for Decision Makers equips IMD personnel with the knowledge and skills required for geospatial data handling, mapping and GIS tools for meteorological applications. This entry-level course builds foundational understanding for officers new to the subject, with no prior experience assumed. Delivered fully online through self-paced modules and live virtual sessions. The course maps to the 'GIS and geospatial analysis' competency in the Capacity Connect competency framework and includes assessments to validate skill acquisition.","System.Object[]"
"C1381","Master Class: GIS and Geospatial Analysis","GIS and geospatial analysis","GIS and Geospatial Analysis","Intermediate","Offline","32","4","40","System.Object[]","System.Object[]","True","2026-06-27","2026-07-25","completed","5","TRN20260274","8","5","63.2","4.6","87.1","Master Class: GIS and Geospatial Analysis equips IMD personnel with the knowledge and skills required for geospatial data handling, mapping and GIS tools for meteorological applications. This intermediate course assumes basic familiarity with the subject and deepens practical, applied skills. Delivered as an in-person, station-based training programme with hands-on instruction. The course maps to the 'GIS and geospatial analysis' competency in the Capacity Connect competency framework and includes assessments to validate skill acquisition.","System.Object[]"
"C1382","GIS and Geospatial Analysis Refresher Course","GIS and geospatial analysis","GIS and Geospatial Analysis","Advanced","Hybrid","12","2","40","System.Object[]","System.Object[]","False","2026-11-05","2026-11-19","upcoming","5","TRN20260274","3","35","73.1","3.4","95.2","GIS and Geospatial Analysis Refresher Course equips IMD personnel with the knowledge and skills required for geospatial data handling, mapping and GIS tools for meteorological applications. This advanced course is designed for experienced officers seeking to master specialized techniques and lead operational deployment. Delivered in a hybrid format combining self-paced online modules with in-person practical sessions. The course maps to the 'GIS and geospatial analysis' competency in the Capacity Connect competency framework and includes assessments to validate skill acquisition.","System.Object[]"
"C1383","GIS and Geospatial Analysis: Core Concepts","GIS and geospatial analysis","GIS and Geospatial Analysis","Beginner","Online","20","2","20","System.Object[]","System.Object[]","True","2026-08-18","2026-09-01","completed","5","TRN20260274","6","20","86.7","4.2","81.6","GIS and Geospatial Analysis: Core Concepts equips IMD personnel with the knowledge and skills required for geospatial data handling, mapping and GIS tools for meteorological applications. This entry-level course builds foundational understanding for officers new to the subject, with no prior experience assumed. Delivered fully online through self-paced modules and live virtual sessions. The course maps to the 'GIS and geospatial analysis' competency in the Capacity Connect competency framework and includes assessments to validate skill acquisition.","System.Object[]"
"C116","Python for Meteorological Data","Python for meteorology","Python for Meteorology","Beginner","Online","8","1","25","System.Object[]","System.Object[]","False","2026-10-22","2026-10-29","upcoming","5","TRN20260097","4","9","93","4.4","75.2","Python for Meteorological Data equips IMD personnel with the knowledge and skills required for using Python for meteorological data processing, analysis and visualization. This entry-level course builds foundational understanding for officers new to the subject, with no prior experience assumed. Delivered fully online through self-paced modules and live virtual sessions. The course maps to the 'Python for meteorology' competency in the Capacity Connect competency framework and includes assessments to validate skill acquisition.","System.Object[]"
"C1384","Applied Python for Meteorology","Python for meteorology","Python for Meteorology","Intermediate","Offline","40","5","40","System.Object[]","System.Object[]","True","2027-01-02","2027-02-06","upcoming","5","TRN20260097","8","31","95.6","4","69.2","Applied Python for Meteorology equips IMD personnel with the knowledge and skills required for using Python for meteorological data processing, analysis and visualization. This intermediate course assumes basic familiarity with the subject and deepens practical, applied skills. Delivered as an in-person, station-based training programme with hands-on instruction. The course maps to the 'Python for meteorology' competency in the Capacity Connect competency framework and includes assessments to validate skill acquisition.","System.Object[]"
"C1385","Hands-on Python for Meteorology","Python for meteorology","Python for Meteorology","Advanced","Hybrid","8","1","30","System.Object[]","System.Object[]","True","2026-09-20","2026-09-27","upcoming","5","TRN20260097","7","22","64.6","3.6","73.3","Hands-on Python for Meteorology equips IMD personnel with the knowledge and skills required for using Python for meteorological data processing, analysis and visualization. This advanced course is designed for experienced officers seeking to master specialized techniques and lead operational deployment. Delivered in a hybrid format combining self-paced online modules with in-person practical sessions. The course maps to the 'Python for meteorology' competency in the Capacity Connect competency framework and includes assessments to validate skill acquisition.","System.Object[]"
"C1386","Python for Meteorology Refresher Course","Python for meteorology","Python for Meteorology","Beginner","Online","40","5","50","System.Object[]","System.Object[]","False","2026-07-06","2026-08-10","completed","5","TRN20260097","7","7","76.8","3.5","64.6","Python for Meteorology Refresher Course equips IMD personnel with the knowledge and skills required for using Python for meteorological data processing, analysis and visualization. This entry-level course builds foundational understanding for officers new to the subject, with no prior experience assumed. Delivered fully online through self-paced modules and live virtual sessions. The course maps to the 'Python for meteorology' competency in the Capacity Connect competency framework and includes assessments to validate skill acquisition.","System.Object[]"
"C1387","Python for Meteorology: Core Concepts","Python for meteorology","Python for Meteorology","Intermediate","Offline","12","2","30","System.Object[]","System.Object[]","False","2026-07-26","2026-08-09","completed","5","TRN20260097","4","11","73.9","3.9","90","Python for Meteorology: Core Concepts equips IMD personnel with the knowledge and skills required for using Python for meteorological data processing, analysis and visualization. This intermediate course assumes basic familiarity with the subject and deepens practical, applied skills. Delivered as an in-person, station-based training programme with hands-on instruction. The course maps to the 'Python for meteorology' competency in the Capacity Connect competency framework and includes assessments to validate skill acquisition.","System.Object[]"
"C1388","Python for Meteorology: Tools and Applications","Python for meteorology","Python for Meteorology","Advanced","Hybrid","16","2","30","System.Object[]","System.Object[]","False","2026-11-12","2026-11-26","upcoming","5","TRN20260097","5","9","89.5","3.9","76","Python for Meteorology: Tools and Applications equips IMD personnel with the knowledge and skills required for using Python for meteorological data processing, analysis and visualization. This advanced course is designed for experienced officers seeking to master specialized techniques and lead operational deployment. Delivered in a hybrid format combining self-paced online modules with in-person practical sessions. The course maps to the 'Python for meteorology' competency in the Capacity Connect competency framework and includes assessments to validate skill acquisition.","System.Object[]"
"C1389","Intermediate Python for Meteorology","Python for meteorology","Python for Meteorology","Beginner","Online","8","1","40","System.Object[]","System.Object[]","True","2026-04-10","2026-04-17","completed","5","TRN20260097","3","30","97.2","3.5","62.4","Intermediate Python for Meteorology equips IMD personnel with the knowledge and skills required for using Python for meteorological data processing, analysis and visualization. This entry-level course builds foundational understanding for officers new to the subject, with no prior experience assumed. Delivered fully online through self-paced modules and live virtual sessions. The course maps to the 'Python for meteorology' competency in the Capacity Connect competency framework and includes assessments to validate skill acquisition.","System.Object[]"
"C1390","Python for Meteorology Essentials","Python for meteorology","Python for Meteorology","Beginner","Offline","24","3","20","System.Object[]","System.Object[]","False","2026-11-04","2026-11-25","upcoming","5","TRN20260097","8","11","93.2","4.3","84.1","Python for Meteorology Essentials equips IMD personnel with the knowledge and skills required for using Python for meteorological data processing, analysis and visualization. This entry-level course builds foundational understanding for officers new to the subject, with no prior experience assumed. Delivered as an in-person, station-based training programme with hands-on instruction. The course maps to the 'Python for meteorology' competency in the Capacity Connect competency framework and includes assessments to validate skill acquisition.","System.Object[]"
"C1391","Python for Meteorology for Regional Centres","Python for meteorology","Python for Meteorology","Advanced","Hybrid","40","5","40","System.Object[]","System.Object[]","True","2026-06-12","2026-07-17","completed","5","TRN20260097","7","10","77","3.7","73.3","Python for Meteorology for Regional Centres equips IMD personnel with the knowledge and skills required for using Python for meteorological data processing, analysis and visualization. This advanced course is designed for experienced officers seeking to master specialized techniques and lead operational deployment. Delivered in a hybrid format combining self-paced online modules with in-person practical sessions. The course maps to the 'Python for meteorology' competency in the Capacity Connect competency framework and includes assessments to validate skill acquisition.","System.Object[]"
"C1392","Python for Meteorology Bootcamp","Python for meteorology","Python for Meteorology","Beginner","Online","8","1","50","System.Object[]","System.Object[]","True","2026-07-21","2026-07-28","completed","5","TRN20260097","8","24","79.6","3.2","73.2","Python for Meteorology Bootcamp equips IMD personnel with the knowledge and skills required for using Python for meteorological data processing, analysis and visualization. This entry-level course builds foundational understanding for officers new to the subject, with no prior experience assumed. Delivered fully online through self-paced modules and live virtual sessions. The course maps to the 'Python for meteorology' competency in the Capacity Connect competency framework and includes assessments to validate skill acquisition.","System.Object[]"
"C1393","Advanced Python for Meteorology Techniques","Python for meteorology","Python for Meteorology","Advanced","Offline","16","2","30","System.Object[]","System.Object[]","False","2026-04-23","2026-05-07","completed","5","TRN20260097","8","9","85.6","4.6","63.2","Advanced Python for Meteorology Techniques equips IMD personnel with the knowledge and skills required for using Python for meteorological data processing, analysis and visualization. This advanced course is designed for experienced officers seeking to master specialized techniques and lead operational deployment. Delivered as an in-person, station-based training programme with hands-on instruction. The course maps to the 'Python for meteorology' competency in the Capacity Connect competency framework and includes assessments to validate skill acquisition.","System.Object[]"
"C1394","Python for Meteorology for New Recruits","Python for meteorology","Python for Meteorology","Beginner","Hybrid","12","2","40","System.Object[]","System.Object[]","True","2026-10-22","2026-11-05","upcoming","5","TRN20260097","8","33","84.6","4.8","88.5","Python for Meteorology for New Recruits equips IMD personnel with the knowledge and skills required for using Python for meteorological data processing, analysis and visualization. This entry-level course builds foundational understanding for officers new to the subject, with no prior experience assumed. Delivered in a hybrid format combining self-paced online modules with in-person practical sessions. The course maps to the 'Python for meteorology' competency in the Capacity Connect competency framework and includes assessments to validate skill acquisition.","System.Object[]"
"C1395","Practical Lab: Python for Meteorology","Python for meteorology","Python for Meteorology","Beginner","Online","12","2","50","System.Object[]","System.Object[]","True","2026-09-28","2026-10-12","upcoming","5","TRN20260097","4","34","75.4","4.5","96.8","Practical Lab: Python for Meteorology equips IMD personnel with the knowledge and skills required for using Python for meteorological data processing, analysis and visualization. This entry-level course builds foundational understanding for officers new to the subject, with no prior experience assumed. Delivered fully online through self-paced modules and live virtual sessions. The course maps to the 'Python for meteorology' competency in the Capacity Connect competency framework and includes assessments to validate skill acquisition.","System.Object[]"
"C1396","Python for Meteorology for Field Officers","Python for meteorology","Python for Meteorology","Intermediate","Offline","24","3","40","System.Object[]","System.Object[]","True","2026-06-04","2026-06-25","completed","5","TRN20260097","5","24","97.6","3.7","79","Python for Meteorology for Field Officers equips IMD personnel with the knowledge and skills required for using Python for meteorological data processing, analysis and visualization. This intermediate course assumes basic familiarity with the subject and deepens practical, applied skills. Delivered as an in-person, station-based training programme with hands-on instruction. The course maps to the 'Python for meteorology' competency in the Capacity Connect competency framework and includes assessments to validate skill acquisition.","System.Object[]"
"C1397","Python for Meteorology for Decision Makers","Python for meteorology","Python for Meteorology","Advanced","Hybrid","40","5","50","System.Object[]","System.Object[]","False","2026-08-28","2026-10-02","ongoing","5","TRN20260097","4","27","57.9","3.3","78.8","Python for Meteorology for Decision Makers equips IMD personnel with the knowledge and skills required for using Python for meteorological data processing, analysis and visualization. This advanced course is designed for experienced officers seeking to master specialized techniques and lead operational deployment. Delivered in a hybrid format combining self-paced online modules with in-person practical sessions. The course maps to the 'Python for meteorology' competency in the Capacity Connect competency framework and includes assessments to validate skill acquisition.","System.Object[]"
"C1398","Python for Meteorology Workshop","Python for meteorology","Python for Meteorology","Beginner","Online","16","2","40","System.Object[]","System.Object[]","False","2026-11-04","2026-11-18","upcoming","5","TRN20260097","8","19","93.7","3.8","61.8","Python for Meteorology Workshop equips IMD personnel with the knowledge and skills required for using Python for meteorological data processing, analysis and visualization. This entry-level course builds foundational understanding for officers new to the subject, with no prior experience assumed. Delivered fully online through self-paced modules and live virtual sessions. The course maps to the 'Python for meteorology' competency in the Capacity Connect competency framework and includes assessments to validate skill acquisition.","System.Object[]"
"C1399","Foundations of Python for Meteorology","Python for meteorology","Python for Meteorology","Beginner","Offline","32","4","20","System.Object[]","System.Object[]","True","2026-12-20","2027-01-17","upcoming","5","TRN20260097","8","11","87.3","4.1","60.7","Foundations of Python for Meteorology equips IMD personnel with the knowledge and skills required for using Python for meteorological data processing, analysis and visualization. This entry-level course builds foundational understanding for officers new to the subject, with no prior experience assumed. Delivered as an in-person, station-based training programme with hands-on instruction. The course maps to the 'Python for meteorology' competency in the Capacity Connect competency framework and includes assessments to validate skill acquisition.","System.Object[]"
"C1400","Introduction to Python for Meteorology","Python for meteorology","Python for Meteorology","Beginner","Hybrid","8","1","30","System.Object[]","System.Object[]","False","2026-12-18","2026-12-25","upcoming","5","TRN20260097","7","5","69.6","3.5","60.9","Introduction to Python for Meteorology equips IMD personnel with the knowledge and skills required for using Python for meteorological data processing, analysis and visualization. This entry-level course builds foundational understanding for officers new to the subject, with no prior experience assumed. Delivered in a hybrid format combining self-paced online modules with in-person practical sessions. The course maps to the 'Python for meteorology' competency in the Capacity Connect competency framework and includes assessments to validate skill acquisition.","System.Object[]"
"C1401","Python for Meteorology Certification Program","Python for meteorology","Python for Meteorology","Beginner","Online","20","2","30","System.Object[]","System.Object[]","True","2026-06-17","2026-07-01","completed","5","TRN20260097","4","29","58.9","3.7","75.9","Python for Meteorology Certification Program equips IMD personnel with the knowledge and skills required for using Python for meteorological data processing, analysis and visualization. This entry-level course builds foundational understanding for officers new to the subject, with no prior experience assumed. Delivered fully online through self-paced modules and live virtual sessions. The course maps to the 'Python for meteorology' competency in the Capacity Connect competency framework and includes assessments to validate skill acquisition.","System.Object[]"
"C1402","Python for Meteorology Capstone Project","Python for meteorology","Python for Meteorology","Intermediate","Offline","24","3","30","System.Object[]","System.Object[]","True","2026-04-18","2026-05-09","completed","5","TRN20260097","5","15","66.1","4.8","95.1","Python for Meteorology Capstone Project equips IMD personnel with the knowledge and skills required for using Python for meteorological data processing, analysis and visualization. This intermediate course assumes basic familiarity with the subject and deepens practical, applied skills. Delivered as an in-person, station-based training programme with hands-on instruction. The course maps to the 'Python for meteorology' competency in the Capacity Connect competency framework and includes assessments to validate skill acquisition.","System.Object[]"
"C1403","Master Class: Python for Meteorology","Python for meteorology","Python for Meteorology","Advanced","Hybrid","12","2","50","System.Object[]","System.Object[]","True","2026-07-20","2026-08-03","completed","5","TRN20260097","3","34","78.8","3.3","61.1","Master Class: Python for Meteorology equips IMD personnel with the knowledge and skills required for using Python for meteorological data processing, analysis and visualization. This advanced course is designed for experienced officers seeking to master specialized techniques and lead operational deployment. Delivered in a hybrid format combining self-paced online modules with in-person practical sessions. The course maps to the 'Python for meteorology' competency in the Capacity Connect competency framework and includes assessments to validate skill acquisition.","System.Object[]"
"C1404","Python for Meteorology: Case Studies from Indian Meteorology","Python for meteorology","Python for Meteorology","Beginner","Online","16","2","50","System.Object[]","System.Object[]","False","2026-10-25","2026-11-08","upcoming","5","TRN20260097","7","39","97.4","4.5","81","Python for Meteorology: Case Studies from Indian Meteorology equips IMD personnel with the knowledge and skills required for using Python for meteorological data processing, analysis and visualization. This entry-level course builds foundational understanding for officers new to the subject, with no prior experience assumed. Delivered fully online through self-paced modules and live virtual sessions. The course maps to the 'Python for meteorology' competency in the Capacity Connect competency framework and includes assessments to validate skill acquisition.","System.Object[]"
"C1405","Python for Meteorology Data Handling and Quality Control","Python for meteorology","Python for Meteorology","Intermediate","Offline","8","1","20","System.Object[]","System.Object[]","False","2026-12-09","2026-12-16","upcoming","5","TRN20260097","3","17","98","4.6","68.3","Python for Meteorology Data Handling and Quality Control equips IMD personnel with the knowledge and skills required for using Python for meteorological data processing, analysis and visualization. This intermediate course assumes basic familiarity with the subject and deepens practical, applied skills. Delivered as an in-person, station-based training programme with hands-on instruction. The course maps to the 'Python for meteorology' competency in the Capacity Connect competency framework and includes assessments to validate skill acquisition.","System.Object[]"
"C1406","Python for Meteorology Best Practices","Python for meteorology","Python for Meteorology","Advanced","Hybrid","8","1","25","System.Object[]","System.Object[]","False","2026-09-14","2026-09-21","ongoing","5","TRN20260097","4","24","76.7","4.6","94.5","Python for Meteorology Best Practices equips IMD personnel with the knowledge and skills required for using Python for meteorological data processing, analysis and visualization. This advanced course is designed for experienced officers seeking to master specialized techniques and lead operational deployment. Delivered in a hybrid format combining self-paced online modules with in-person practical sessions. The course maps to the 'Python for meteorology' competency in the Capacity Connect competency framework and includes assessments to validate skill acquisition.","System.Object[]"
"C1407","Python for Meteorology in Operational Forecasting","Python for meteorology","Python for Meteorology","Beginner","Online","40","5","40","System.Object[]","System.Object[]","False","2026-06-19","2026-07-24","completed","5","TRN20260097","4","5","81.2","3.2","60.4","Python for Meteorology in Operational Forecasting equips IMD personnel with the knowledge and skills required for using Python for meteorological data processing, analysis and visualization. This entry-level course builds foundational understanding for officers new to the subject, with no prior experience assumed. Delivered fully online through self-paced modules and live virtual sessions. The course maps to the 'Python for meteorology' competency in the Capacity Connect competency framework and includes assessments to validate skill acquisition.","System.Object[]"
"C117","Remote Sensing Applications","Remote sensing","Remote Sensing","Beginner","Online","12","2","40","System.Object[]","System.Object[]","True","2026-11-30","2026-12-14","upcoming","5","TRN20260160","5","19","97.1","4.8","61.4","Remote Sensing Applications equips IMD personnel with the knowledge and skills required for remote sensing principles and applications for atmospheric and land-surface monitoring. This entry-level course builds foundational understanding for officers new to the subject, with no prior experience assumed. Delivered fully online through self-paced modules and live virtual sessions. The course maps to the 'Remote sensing' competency in the Capacity Connect competency framework and includes assessments to validate skill acquisition.","System.Object[]"
"C1408","Intermediate Remote Sensing","Remote sensing","Remote Sensing","Intermediate","Offline","8","1","25","System.Object[]","System.Object[]","True","2027-01-08","2027-01-15","upcoming","5","TRN20260160","4","23","60.5","3.3","70.1","Intermediate Remote Sensing equips IMD personnel with the knowledge and skills required for remote sensing principles and applications for atmospheric and land-surface monitoring. This intermediate course assumes basic familiarity with the subject and deepens practical, applied skills. Delivered as an in-person, station-based training programme with hands-on instruction. The course maps to the 'Remote sensing' competency in the Capacity Connect competency framework and includes assessments to validate skill acquisition.","System.Object[]"
"C1409","Remote Sensing Certification Program","Remote sensing","Remote Sensing","Advanced","Hybrid","24","3","30","System.Object[]","System.Object[]","True","2026-09-24","2026-10-15","upcoming","5","TRN20260160","7","18","66.8","4.4","78.2","Remote Sensing Certification Program equips IMD personnel with the knowledge and skills required for remote sensing principles and applications for atmospheric and land-surface monitoring. This advanced course is designed for experienced officers seeking to master specialized techniques and lead operational deployment. Delivered in a hybrid format combining self-paced online modules with in-person practical sessions. The course maps to the 'Remote sensing' competency in the Capacity Connect competency framework and includes assessments to validate skill acquisition.","System.Object[]"
"C1410","Remote Sensing: Tools and Applications","Remote sensing","Remote Sensing","Beginner","Online","32","4","25","System.Object[]","System.Object[]","True","2026-10-25","2026-11-22","upcoming","5","TRN20260160","6","23","89.7","4.9","68.8","Remote Sensing: Tools and Applications equips IMD personnel with the knowledge and skills required for remote sensing principles and applications for atmospheric and land-surface monitoring. This entry-level course builds foundational understanding for officers new to the subject, with no prior experience assumed. Delivered fully online through self-paced modules and live virtual sessions. The course maps to the 'Remote sensing' competency in the Capacity Connect competency framework and includes assessments to validate skill acquisition.","System.Object[]"
"C1411","Advanced Remote Sensing Techniques","Remote sensing","Remote Sensing","Advanced","Offline","12","2","25","System.Object[]","System.Object[]","True","2026-09-09","2026-09-23","ongoing","5","TRN20260160","8","8","75.4","4.8","92.5","Advanced Remote Sensing Techniques equips IMD personnel with the knowledge and skills required for remote sensing principles and applications for atmospheric and land-surface monitoring. This advanced course is designed for experienced officers seeking to master specialized techniques and lead operational deployment. Delivered as an in-person, station-based training programme with hands-on instruction. The course maps to the 'Remote sensing' competency in the Capacity Connect competency framework and includes assessments to validate skill acquisition.","System.Object[]"
"C1412","Remote Sensing Data Handling and Quality Control","Remote sensing","Remote Sensing","Advanced","Hybrid","8","1","50","System.Object[]","System.Object[]","False","2026-04-23","2026-04-30","completed","5","TRN20260160","3","25","93.3","4.4","90.5","Remote Sensing Data Handling and Quality Control equips IMD personnel with the knowledge and skills required for remote sensing principles and applications for atmospheric and land-surface monitoring. This advanced course is designed for experienced officers seeking to master specialized techniques and lead operational deployment. Delivered in a hybrid format combining self-paced online modules with in-person practical sessions. The course maps to the 'Remote sensing' competency in the Capacity Connect competency framework and includes assessments to validate skill acquisition.","System.Object[]"
"C1413","Remote Sensing for New Recruits","Remote sensing","Remote Sensing","Beginner","Online","8","1","30","System.Object[]","System.Object[]","False","2026-11-15","2026-11-22","upcoming","5","TRN20260160","5","24","88.9","4.3","77.7","Remote Sensing for New Recruits equips IMD personnel with the knowledge and skills required for remote sensing principles and applications for atmospheric and land-surface monitoring. This entry-level course builds foundational understanding for officers new to the subject, with no prior experience assumed. Delivered fully online through self-paced modules and live virtual sessions. The course maps to the 'Remote sensing' competency in the Capacity Connect competency framework and includes assessments to validate skill acquisition.","System.Object[]"
"C1414","Practical Lab: Remote Sensing","Remote sensing","Remote Sensing","Intermediate","Offline","24","3","50","System.Object[]","System.Object[]","True","2026-04-26","2026-05-17","completed","5","TRN20260160","3","42","63.3","3.4","83.2","Practical Lab: Remote Sensing equips IMD personnel with the knowledge and skills required for remote sensing principles and applications for atmospheric and land-surface monitoring. This intermediate course assumes basic familiarity with the subject and deepens practical, applied skills. Delivered as an in-person, station-based training programme with hands-on instruction. The course maps to the 'Remote sensing' competency in the Capacity Connect competency framework and includes assessments to validate skill acquisition.","System.Object[]"
"C1415","Master Class: Remote Sensing","Remote sensing","Remote Sensing","Advanced","Hybrid","24","3","25","System.Object[]","System.Object[]","False","2026-09-22","2026-10-13","upcoming","5","TRN20260160","4","9","68.4","3.9","97.4","Master Class: Remote Sensing equips IMD personnel with the knowledge and skills required for remote sensing principles and applications for atmospheric and land-surface monitoring. This advanced course is designed for experienced officers seeking to master specialized techniques and lead operational deployment. Delivered in a hybrid format combining self-paced online modules with in-person practical sessions. The course maps to the 'Remote sensing' competency in the Capacity Connect competency framework and includes assessments to validate skill acquisition.","System.Object[]"
"C1416","Applied Remote Sensing","Remote sensing","Remote Sensing","Beginner","Online","24","3","50","System.Object[]","System.Object[]","False","2026-10-25","2026-11-15","upcoming","5","TRN20260160","7","20","76.8","4.6","93.5","Applied Remote Sensing equips IMD personnel with the knowledge and skills required for remote sensing principles and applications for atmospheric and land-surface monitoring. This entry-level course builds foundational understanding for officers new to the subject, with no prior experience assumed. Delivered fully online through self-paced modules and live virtual sessions. The course maps to the 'Remote sensing' competency in the Capacity Connect competency framework and includes assessments to validate skill acquisition.","System.Object[]"
"C1417","Remote Sensing Essentials","Remote sensing","Remote Sensing","Beginner","Offline","12","2","25","System.Object[]","System.Object[]","True","2026-03-24","2026-04-07","completed","5","TRN20260160","8","19","92.7","4.7","79.3","Remote Sensing Essentials equips IMD personnel with the knowledge and skills required for remote sensing principles and applications for atmospheric and land-surface monitoring. This entry-level course builds foundational understanding for officers new to the subject, with no prior experience assumed. Delivered as an in-person, station-based training programme with hands-on instruction. The course maps to the 'Remote sensing' competency in the Capacity Connect competency framework and includes assessments to validate skill acquisition.","System.Object[]"
"C1418","Remote Sensing for Decision Makers","Remote sensing","Remote Sensing","Advanced","Hybrid","32","4","25","System.Object[]","System.Object[]","False","2026-06-30","2026-07-28","completed","5","TRN20260160","8","16","56.3","3.4","71.3","Remote Sensing for Decision Makers equips IMD personnel with the knowledge and skills required for remote sensing principles and applications for atmospheric and land-surface monitoring. This advanced course is designed for experienced officers seeking to master specialized techniques and lead operational deployment. Delivered in a hybrid format combining self-paced online modules with in-person practical sessions. The course maps to the 'Remote sensing' competency in the Capacity Connect competency framework and includes assessments to validate skill acquisition.","System.Object[]"
"C1419","Remote Sensing Workshop","Remote sensing","Remote Sensing","Beginner","Online","8","1","20","System.Object[]","System.Object[]","True","2026-05-13","2026-05-20","completed","5","TRN20260160","4","12","62.7","3.2","92.9","Remote Sensing Workshop equips IMD personnel with the knowledge and skills required for remote sensing principles and applications for atmospheric and land-surface monitoring. This entry-level course builds foundational understanding for officers new to the subject, with no prior experience assumed. Delivered fully online through self-paced modules and live virtual sessions. The course maps to the 'Remote sensing' competency in the Capacity Connect competency framework and includes assessments to validate skill acquisition.","System.Object[]"
"C1420","Remote Sensing for Field Officers","Remote sensing","Remote Sensing","Intermediate","Offline","40","5","25","System.Object[]","System.Object[]","True","2026-06-28","2026-08-02","completed","5","TRN20260160","6","7","60.1","4.7","65.1","Remote Sensing for Field Officers equips IMD personnel with the knowledge and skills required for remote sensing principles and applications for atmospheric and land-surface monitoring. This intermediate course assumes basic familiarity with the subject and deepens practical, applied skills. Delivered as an in-person, station-based training programme with hands-on instruction. The course maps to the 'Remote sensing' competency in the Capacity Connect competency framework and includes assessments to validate skill acquisition.","System.Object[]"
"C1421","Introduction to Remote Sensing","Remote sensing","Remote Sensing","Beginner","Hybrid","24","3","40","System.Object[]","System.Object[]","False","2026-05-26","2026-06-16","completed","5","TRN20260160","3","14","69.1","3.3","91","Introduction to Remote Sensing equips IMD personnel with the knowledge and skills required for remote sensing principles and applications for atmospheric and land-surface monitoring. This entry-level course builds foundational understanding for officers new to the subject, with no prior experience assumed. Delivered in a hybrid format combining self-paced online modules with in-person practical sessions. The course maps to the 'Remote sensing' competency in the Capacity Connect competency framework and includes assessments to validate skill acquisition.","System.Object[]"
"C1422","Remote Sensing Refresher Course","Remote sensing","Remote Sensing","Beginner","Online","12","2","20","System.Object[]","System.Object[]","True","2026-10-14","2026-10-28","upcoming","5","TRN20260160","8","20","85.8","4","70.5","Remote Sensing Refresher Course equips IMD personnel with the knowledge and skills required for remote sensing principles and applications for atmospheric and land-surface monitoring. This entry-level course builds foundational understanding for officers new to the subject, with no prior experience assumed. Delivered fully online through self-paced modules and live virtual sessions. The course maps to the 'Remote sensing' competency in the Capacity Connect competency framework and includes assessments to validate skill acquisition.","System.Object[]"
"C1423","Remote Sensing Bootcamp","Remote sensing","Remote Sensing","Intermediate","Offline","12","2","25","System.Object[]","System.Object[]","False","2026-11-05","2026-11-19","upcoming","5","TRN20260160","6","13","78.7","3.4","63.3","Remote Sensing Bootcamp equips IMD personnel with the knowledge and skills required for remote sensing principles and applications for atmospheric and land-surface monitoring. This intermediate course assumes basic familiarity with the subject and deepens practical, applied skills. Delivered as an in-person, station-based training programme with hands-on instruction. The course maps to the 'Remote sensing' competency in the Capacity Connect competency framework and includes assessments to validate skill acquisition.","System.Object[]"
"C1424","Foundations of Remote Sensing","Remote sensing","Remote Sensing","Beginner","Hybrid","12","2","50","System.Object[]","System.Object[]","False","2026-06-22","2026-07-06","completed","5","TRN20260160","5","28","89.6","3.7","74.9","Foundations of Remote Sensing equips IMD personnel with the knowledge and skills required for remote sensing principles and applications for atmospheric and land-surface monitoring. This entry-level course builds foundational understanding for officers new to the subject, with no prior experience assumed. Delivered in a hybrid format combining self-paced online modules with in-person practical sessions. The course maps to the 'Remote sensing' competency in the Capacity Connect competency framework and includes assessments to validate skill acquisition.","System.Object[]"
"C1425","Remote Sensing: Case Studies from Indian Meteorology","Remote sensing","Remote Sensing","Beginner","Online","12","2","30","System.Object[]","System.Object[]","False","2026-07-29","2026-08-12","completed","5","TRN20260160","5","6","78.5","3.8","86.3","Remote Sensing: Case Studies from Indian Meteorology equips IMD personnel with the knowledge and skills required for remote sensing principles and applications for atmospheric and land-surface monitoring. This entry-level course builds foundational understanding for officers new to the subject, with no prior experience assumed. Delivered fully online through self-paced modules and live virtual sessions. The course maps to the 'Remote sensing' competency in the Capacity Connect competency framework and includes assessments to validate skill acquisition.","System.Object[]"
"C1426","Remote Sensing: Core Concepts","Remote sensing","Remote Sensing","Intermediate","Offline","32","4","30","System.Object[]","System.Object[]","True","2026-10-12","2026-11-09","upcoming","5","TRN20260160","8","20","83.1","4.9","97.1","Remote Sensing: Core Concepts equips IMD personnel with the knowledge and skills required for remote sensing principles and applications for atmospheric and land-surface monitoring. This intermediate course assumes basic familiarity with the subject and deepens practical, applied skills. Delivered as an in-person, station-based training programme with hands-on instruction. The course maps to the 'Remote sensing' competency in the Capacity Connect competency framework and includes assessments to validate skill acquisition.","System.Object[]"
"C1427","Remote Sensing Best Practices","Remote sensing","Remote Sensing","Advanced","Hybrid","12","2","25","System.Object[]","System.Object[]","True","2026-09-30","2026-10-14","upcoming","5","TRN20260160","6","18","64","4","81.8","Remote Sensing Best Practices equips IMD personnel with the knowledge and skills required for remote sensing principles and applications for atmospheric and land-surface monitoring. This advanced course is designed for experienced officers seeking to master specialized techniques and lead operational deployment. Delivered in a hybrid format combining self-paced online modules with in-person practical sessions. The course maps to the 'Remote sensing' competency in the Capacity Connect competency framework and includes assessments to validate skill acquisition.","System.Object[]"
"C1428","Remote Sensing in Operational Forecasting","Remote sensing","Remote Sensing","Beginner","Online","24","3","25","System.Object[]","System.Object[]","True","2026-06-02","2026-06-23","completed","5","TRN20260160","5","14","69","3.2","90.6","Remote Sensing in Operational Forecasting equips IMD personnel with the knowledge and skills required for remote sensing principles and applications for atmospheric and land-surface monitoring. This entry-level course builds foundational understanding for officers new to the subject, with no prior experience assumed. Delivered fully online through self-paced modules and live virtual sessions. The course maps to the 'Remote sensing' competency in the Capacity Connect competency framework and includes assessments to validate skill acquisition.","System.Object[]"
"C1429","Specialized Remote Sensing Training","Remote sensing","Remote Sensing","Intermediate","Offline","16","2","50","System.Object[]","System.Object[]","True","2026-11-28","2026-12-12","upcoming","5","TRN20260160","7","10","62.4","4.3","66.9","Specialized Remote Sensing Training equips IMD personnel with the knowledge and skills required for remote sensing principles and applications for atmospheric and land-surface monitoring. This intermediate course assumes basic familiarity with the subject and deepens practical, applied skills. Delivered as an in-person, station-based training programme with hands-on instruction. The course maps to the 'Remote sensing' competency in the Capacity Connect competency framework and includes assessments to validate skill acquisition.","System.Object[]"
"C1430","Hands-on Remote Sensing","Remote sensing","Remote Sensing","Advanced","Hybrid","12","2","25","System.Object[]","System.Object[]","False","2026-10-19","2026-11-02","upcoming","5","TRN20260160","4","6","70.9","3.2","72.7","Hands-on Remote Sensing equips IMD personnel with the knowledge and skills required for remote sensing principles and applications for atmospheric and land-surface monitoring. This advanced course is designed for experienced officers seeking to master specialized techniques and lead operational deployment. Delivered in a hybrid format combining self-paced online modules with in-person practical sessions. The course maps to the 'Remote sensing' competency in the Capacity Connect competency framework and includes assessments to validate skill acquisition.","System.Object[]"
"C1431","Remote Sensing Capstone Project","Remote sensing","Remote Sensing","Beginner","Online","12","2","20","System.Object[]","System.Object[]","False","2026-06-12","2026-06-26","completed","5","TRN20260160","3","11","68.3","4.6","85.9","Remote Sensing Capstone Project equips IMD personnel with the knowledge and skills required for remote sensing principles and applications for atmospheric and land-surface monitoring. This entry-level course builds foundational understanding for officers new to the subject, with no prior experience assumed. Delivered fully online through self-paced modules and live virtual sessions. The course maps to the 'Remote sensing' competency in the Capacity Connect competency framework and includes assessments to validate skill acquisition.","System.Object[]"
"C118","Hydrometeorology","Hydrometeorology","Hydrometeorology","Beginner","Online","16","2","40","System.Object[]","System.Object[]","False","2026-06-11","2026-06-25","completed","5","TRN20260230","6","11","71.9","4.8","69.3","Hydrometeorology equips IMD personnel with the knowledge and skills required for rainfall-runoff modelling, flood forecasting and hydrometeorological data analysis. This entry-level course builds foundational understanding for officers new to the subject, with no prior experience assumed. Delivered fully online through self-paced modules and live virtual sessions. The course maps to the 'Hydrometeorology' competency in the Capacity Connect competency framework and includes assessments to validate skill acquisition.","System.Object[]"
"C1432","Specialized Hydrometeorology Training","Hydrometeorology","Hydrometeorology","Intermediate","Offline","32","4","50","System.Object[]","System.Object[]","True","2026-07-30","2026-08-27","completed","5","TRN20260230","6","37","88","3.8","77.6","Specialized Hydrometeorology Training equips IMD personnel with the knowledge and skills required for rainfall-runoff modelling, flood forecasting and hydrometeorological data analysis. This intermediate course assumes basic familiarity with the subject and deepens practical, applied skills. Delivered as an in-person, station-based training programme with hands-on instruction. The course maps to the 'Hydrometeorology' competency in the Capacity Connect competency framework and includes assessments to validate skill acquisition.","System.Object[]"
"C1433","Applied Hydrometeorology","Hydrometeorology","Hydrometeorology","Advanced","Hybrid","24","3","20","System.Object[]","System.Object[]","False","2026-11-15","2026-12-06","upcoming","5","TRN20260230","6","13","59.9","4.8","72.8","Applied Hydrometeorology equips IMD personnel with the knowledge and skills required for rainfall-runoff modelling, flood forecasting and hydrometeorological data analysis. This advanced course is designed for experienced officers seeking to master specialized techniques and lead operational deployment. Delivered in a hybrid format combining self-paced online modules with in-person practical sessions. The course maps to the 'Hydrometeorology' competency in the Capacity Connect competency framework and includes assessments to validate skill acquisition.","System.Object[]"
"C1434","Hydrometeorology: Core Concepts","Hydrometeorology","Hydrometeorology","Beginner","Online","20","2","20","System.Object[]","System.Object[]","True","2026-10-09","2026-10-23","upcoming","5","TRN20260230","4","5","81.1","3.5","64.8","Hydrometeorology: Core Concepts equips IMD personnel with the knowledge and skills required for rainfall-runoff modelling, flood forecasting and hydrometeorological data analysis. This entry-level course builds foundational understanding for officers new to the subject, with no prior experience assumed. Delivered fully online through self-paced modules and live virtual sessions. The course maps to the 'Hydrometeorology' competency in the Capacity Connect competency framework and includes assessments to validate skill acquisition.","System.Object[]"
"C1435","Hydrometeorology for Regional Centres","Hydrometeorology","Hydrometeorology","Intermediate","Offline","8","1","20","System.Object[]","System.Object[]","False","2026-05-14","2026-05-21","completed","5","TRN20260230","4","6","91","4.6","85","Hydrometeorology for Regional Centres equips IMD personnel with the knowledge and skills required for rainfall-runoff modelling, flood forecasting and hydrometeorological data analysis. This intermediate course assumes basic familiarity with the subject and deepens practical, applied skills. Delivered as an in-person, station-based training programme with hands-on instruction. The course maps to the 'Hydrometeorology' competency in the Capacity Connect competency framework and includes assessments to validate skill acquisition.","System.Object[]"
"C1436","Hydrometeorology Capstone Project","Hydrometeorology","Hydrometeorology","Advanced","Hybrid","32","4","30","System.Object[]","System.Object[]","True","2026-04-24","2026-05-22","completed","5","TRN20260230","6","18","56.2","3.2","92","Hydrometeorology Capstone Project equips IMD personnel with the knowledge and skills required for rainfall-runoff modelling, flood forecasting and hydrometeorological data analysis. This advanced course is designed for experienced officers seeking to master specialized techniques and lead operational deployment. Delivered in a hybrid format combining self-paced online modules with in-person practical sessions. The course maps to the 'Hydrometeorology' competency in the Capacity Connect competency framework and includes assessments to validate skill acquisition.","System.Object[]"
"C1437","Hydrometeorology in Operational Forecasting","Hydrometeorology","Hydrometeorology","Beginner","Online","8","1","25","System.Object[]","System.Object[]","False","2026-09-21","2026-09-28","upcoming","5","TRN20260230","5","17","95.4","3.4","68.3","Hydrometeorology in Operational Forecasting equips IMD personnel with the knowledge and skills required for rainfall-runoff modelling, flood forecasting and hydrometeorological data analysis. This entry-level course builds foundational understanding for officers new to the subject, with no prior experience assumed. Delivered fully online through self-paced modules and live virtual sessions. The course maps to the 'Hydrometeorology' competency in the Capacity Connect competency framework and includes assessments to validate skill acquisition.","System.Object[]"
"C1438","Hydrometeorology Refresher Course","Hydrometeorology","Hydrometeorology","Intermediate","Offline","12","2","20","System.Object[]","System.Object[]","True","2026-05-14","2026-05-28","completed","5","TRN20260230","6","11","72.7","4.5","79.5","Hydrometeorology Refresher Course equips IMD personnel with the knowledge and skills required for rainfall-runoff modelling, flood forecasting and hydrometeorological data analysis. This intermediate course assumes basic familiarity with the subject and deepens practical, applied skills. Delivered as an in-person, station-based training programme with hands-on instruction. The course maps to the 'Hydrometeorology' competency in the Capacity Connect competency framework and includes assessments to validate skill acquisition.","System.Object[]"
"C1439","Hydrometeorology Certification Program","Hydrometeorology","Hydrometeorology","Advanced","Hybrid","16","2","20","System.Object[]","System.Object[]","True","2026-07-20","2026-08-03","completed","5","TRN20260230","5","5","81.2","4.2","74.9","Hydrometeorology Certification Program equips IMD personnel with the knowledge and skills required for rainfall-runoff modelling, flood forecasting and hydrometeorological data analysis. This advanced course is designed for experienced officers seeking to master specialized techniques and lead operational deployment. Delivered in a hybrid format combining self-paced online modules with in-person practical sessions. The course maps to the 'Hydrometeorology' competency in the Capacity Connect competency framework and includes assessments to validate skill acquisition.","System.Object[]"
"C1440","Hydrometeorology for Field Officers","Hydrometeorology","Hydrometeorology","Beginner","Online","12","2","20","System.Object[]","System.Object[]","False","2026-11-05","2026-11-19","upcoming","5","TRN20260230","7","9","71.2","4.3","69.3","Hydrometeorology for Field Officers equips IMD personnel with the knowledge and skills required for rainfall-runoff modelling, flood forecasting and hydrometeorological data analysis. This entry-level course builds foundational understanding for officers new to the subject, with no prior experience assumed. Delivered fully online through self-paced modules and live virtual sessions. The course maps to the 'Hydrometeorology' competency in the Capacity Connect competency framework and includes assessments to validate skill acquisition.","System.Object[]"
"C1441","Master Class: Hydrometeorology","Hydrometeorology","Hydrometeorology","Intermediate","Offline","12","2","30","System.Object[]","System.Object[]","True","2026-07-28","2026-08-11","completed","5","TRN20260230","3","12","63.9","3.3","95.8","Master Class: Hydrometeorology equips IMD personnel with the knowledge and skills required for rainfall-runoff modelling, flood forecasting and hydrometeorological data analysis. This intermediate course assumes basic familiarity with the subject and deepens practical, applied skills. Delivered as an in-person, station-based training programme with hands-on instruction. The course maps to the 'Hydrometeorology' competency in the Capacity Connect competency framework and includes assessments to validate skill acquisition.","System.Object[]"
"C1442","Intermediate Hydrometeorology","Hydrometeorology","Hydrometeorology","Advanced","Hybrid","24","3","40","System.Object[]","System.Object[]","True","2026-07-05","2026-07-26","completed","5","TRN20260230","6","10","62.5","4.1","91","Intermediate Hydrometeorology equips IMD personnel with the knowledge and skills required for rainfall-runoff modelling, flood forecasting and hydrometeorological data analysis. This advanced course is designed for experienced officers seeking to master specialized techniques and lead operational deployment. Delivered in a hybrid format combining self-paced online modules with in-person practical sessions. The course maps to the 'Hydrometeorology' competency in the Capacity Connect competency framework and includes assessments to validate skill acquisition.","System.Object[]"
"C1443","Hydrometeorology for Decision Makers","Hydrometeorology","Hydrometeorology","Beginner","Online","24","3","20","System.Object[]","System.Object[]","False","2026-08-09","2026-08-30","completed","5","TRN20260230","4","14","67.3","4","84.8","Hydrometeorology for Decision Makers equips IMD personnel with the knowledge and skills required for rainfall-runoff modelling, flood forecasting and hydrometeorological data analysis. This entry-level course builds foundational understanding for officers new to the subject, with no prior experience assumed. Delivered fully online through self-paced modules and live virtual sessions. The course maps to the 'Hydrometeorology' competency in the Capacity Connect competency framework and includes assessments to validate skill acquisition.","System.Object[]"
"C1444","Hydrometeorology Best Practices","Hydrometeorology","Hydrometeorology","Intermediate","Offline","8","1","30","System.Object[]","System.Object[]","True","2026-08-23","2026-08-30","completed","5","TRN20260230","6","29","71.4","4.7","89.6","Hydrometeorology Best Practices equips IMD personnel with the knowledge and skills required for rainfall-runoff modelling, flood forecasting and hydrometeorological data analysis. This intermediate course assumes basic familiarity with the subject and deepens practical, applied skills. Delivered as an in-person, station-based training programme with hands-on instruction. The course maps to the 'Hydrometeorology' competency in the Capacity Connect competency framework and includes assessments to validate skill acquisition.","System.Object[]"
"C1445","Hydrometeorology: Tools and Applications","Hydrometeorology","Hydrometeorology","Advanced","Hybrid","24","3","25","System.Object[]","System.Object[]","True","2026-06-28","2026-07-19","completed","5","TRN20260230","5","15","60.9","4","66","Hydrometeorology: Tools and Applications equips IMD personnel with the knowledge and skills required for rainfall-runoff modelling, flood forecasting and hydrometeorological data analysis. This advanced course is designed for experienced officers seeking to master specialized techniques and lead operational deployment. Delivered in a hybrid format combining self-paced online modules with in-person practical sessions. The course maps to the 'Hydrometeorology' competency in the Capacity Connect competency framework and includes assessments to validate skill acquisition.","System.Object[]"
"C1446","Introduction to Hydrometeorology","Hydrometeorology","Hydrometeorology","Beginner","Online","8","1","50","System.Object[]","System.Object[]","False","2026-11-01","2026-11-08","upcoming","5","TRN20260230","8","12","71.5","4.2","67.6","Introduction to Hydrometeorology equips IMD personnel with the knowledge and skills required for rainfall-runoff modelling, flood forecasting and hydrometeorological data analysis. This entry-level course builds foundational understanding for officers new to the subject, with no prior experience assumed. Delivered fully online through self-paced modules and live virtual sessions. The course maps to the 'Hydrometeorology' competency in the Capacity Connect competency framework and includes assessments to validate skill acquisition.","System.Object[]"
"C1447","Hydrometeorology Essentials","Hydrometeorology","Hydrometeorology","Beginner","Offline","40","5","30","System.Object[]","System.Object[]","False","2026-06-06","2026-07-11","completed","5","TRN20260230","8","27","83.6","3.5","83.6","Hydrometeorology Essentials equips IMD personnel with the knowledge and skills required for rainfall-runoff modelling, flood forecasting and hydrometeorological data analysis. This entry-level course builds foundational understanding for officers new to the subject, with no prior experience assumed. Delivered as an in-person, station-based training programme with hands-on instruction. The course maps to the 'Hydrometeorology' competency in the Capacity Connect competency framework and includes assessments to validate skill acquisition.","System.Object[]"
"C1448","Advanced Hydrometeorology Techniques","Hydrometeorology","Hydrometeorology","Advanced","Hybrid","12","2","50","System.Object[]","System.Object[]","False","2026-10-04","2026-10-18","upcoming","5","TRN20260230","6","32","65.9","3.7","97.7","Advanced Hydrometeorology Techniques equips IMD personnel with the knowledge and skills required for rainfall-runoff modelling, flood forecasting and hydrometeorological data analysis. This advanced course is designed for experienced officers seeking to master specialized techniques and lead operational deployment. Delivered in a hybrid format combining self-paced online modules with in-person practical sessions. The course maps to the 'Hydrometeorology' competency in the Capacity Connect competency framework and includes assessments to validate skill acquisition.","System.Object[]"
"C1449","Foundations of Hydrometeorology","Hydrometeorology","Hydrometeorology","Beginner","Online","32","4","40","System.Object[]","System.Object[]","False","2026-04-27","2026-05-25","completed","5","TRN20260230","4","5","97.4","4.6","60.1","Foundations of Hydrometeorology equips IMD personnel with the knowledge and skills required for rainfall-runoff modelling, flood forecasting and hydrometeorological data analysis. This entry-level course builds foundational understanding for officers new to the subject, with no prior experience assumed. Delivered fully online through self-paced modules and live virtual sessions. The course maps to the 'Hydrometeorology' competency in the Capacity Connect competency framework and includes assessments to validate skill acquisition.","System.Object[]"
"C1450","Hands-on Hydrometeorology","Hydrometeorology","Hydrometeorology","Intermediate","Offline","24","3","40","System.Object[]","System.Object[]","True","2026-06-26","2026-07-17","completed","5","TRN20260230","5","37","95.8","4","91.8","Hands-on Hydrometeorology equips IMD personnel with the knowledge and skills required for rainfall-runoff modelling, flood forecasting and hydrometeorological data analysis. This intermediate course assumes basic familiarity with the subject and deepens practical, applied skills. Delivered as an in-person, station-based training programme with hands-on instruction. The course maps to the 'Hydrometeorology' competency in the Capacity Connect competency framework and includes assessments to validate skill acquisition.","System.Object[]"
"C1451","Practical Lab: Hydrometeorology","Hydrometeorology","Hydrometeorology","Advanced","Hybrid","8","1","25","System.Object[]","System.Object[]","False","2026-11-22","2026-11-29","upcoming","5","TRN20260230","6","8","66.9","3.8","82.8","Practical Lab: Hydrometeorology equips IMD personnel with the knowledge and skills required for rainfall-runoff modelling, flood forecasting and hydrometeorological data analysis. This advanced course is designed for experienced officers seeking to master specialized techniques and lead operational deployment. Delivered in a hybrid format combining self-paced online modules with in-person practical sessions. The course maps to the 'Hydrometeorology' competency in the Capacity Connect competency framework and includes assessments to validate skill acquisition.","System.Object[]"
"C1452","Hydrometeorology Bootcamp","Hydrometeorology","Hydrometeorology","Beginner","Online","32","4","20","System.Object[]","System.Object[]","False","2026-10-28","2026-11-25","upcoming","5","TRN20260230","8","13","95.1","4","73.1","Hydrometeorology Bootcamp equips IMD personnel with the knowledge and skills required for rainfall-runoff modelling, flood forecasting and hydrometeorological data analysis. This entry-level course builds foundational understanding for officers new to the subject, with no prior experience assumed. Delivered fully online through self-paced modules and live virtual sessions. The course maps to the 'Hydrometeorology' competency in the Capacity Connect competency framework and includes assessments to validate skill acquisition.","System.Object[]"
"C1453","Hydrometeorology for New Recruits","Hydrometeorology","Hydrometeorology","Beginner","Offline","16","2","30","System.Object[]","System.Object[]","True","2026-06-02","2026-06-16","completed","5","TRN20260230","6","19","92.4","3.9","92.6","Hydrometeorology for New Recruits equips IMD personnel with the knowledge and skills required for rainfall-runoff modelling, flood forecasting and hydrometeorological data analysis. This entry-level course builds foundational understanding for officers new to the subject, with no prior experience assumed. Delivered as an in-person, station-based training programme with hands-on instruction. The course maps to the 'Hydrometeorology' competency in the Capacity Connect competency framework and includes assessments to validate skill acquisition.","System.Object[]"
"C1454","Hydrometeorology Data Handling and Quality Control","Hydrometeorology","Hydrometeorology","Advanced","Hybrid","24","3","20","System.Object[]","System.Object[]","True","2026-11-05","2026-11-26","upcoming","5","TRN20260230","7","16","92.6","4.8","88.7","Hydrometeorology Data Handling and Quality Control equips IMD personnel with the knowledge and skills required for rainfall-runoff modelling, flood forecasting and hydrometeorological data analysis. This advanced course is designed for experienced officers seeking to master specialized techniques and lead operational deployment. Delivered in a hybrid format combining self-paced online modules with in-person practical sessions. The course maps to the 'Hydrometeorology' competency in the Capacity Connect competency framework and includes assessments to validate skill acquisition.","System.Object[]"
"C1455","Hydrometeorology Workshop","Hydrometeorology","Hydrometeorology","Beginner","Online","24","3","40","System.Object[]","System.Object[]","False","2026-12-28","2027-01-18","upcoming","5","TRN20260230","8","37","56.4","4","63.4","Hydrometeorology Workshop equips IMD personnel with the knowledge and skills required for rainfall-runoff modelling, flood forecasting and hydrometeorological data analysis. This entry-level course builds foundational understanding for officers new to the subject, with no prior experience assumed. Delivered fully online through self-paced modules and live virtual sessions. The course maps to the 'Hydrometeorology' competency in the Capacity Connect competency framework and includes assessments to validate skill acquisition.","System.Object[]"
"C119","Disaster Risk Communication","Disaster risk communication","Disaster Risk Communication","Beginner","Online","32","4","25","System.Object[]","System.Object[]","True","2026-09-13","2026-10-11","ongoing","5","TRN20260113","7","12","66.1","3.7","64.3","Disaster Risk Communication equips IMD personnel with the knowledge and skills required for effective communication of weather and disaster risk information to the public and stakeholders. This entry-level course builds foundational understanding for officers new to the subject, with no prior experience assumed. Delivered fully online through self-paced modules and live virtual sessions. The course maps to the 'Disaster risk communication' competency in the Capacity Connect competency framework and includes assessments to validate skill acquisition.","System.Object[]"
"C1456","Practical Lab: Disaster Risk Communication","Disaster risk communication","Disaster Risk Communication","Intermediate","Offline","32","4","20","System.Object[]","System.Object[]","True","2026-05-26","2026-06-23","completed","5","TRN20260113","5","15","88.2","4.6","96.4","Practical Lab: Disaster Risk Communication equips IMD personnel with the knowledge and skills required for effective communication of weather and disaster risk information to the public and stakeholders. This intermediate course assumes basic familiarity with the subject and deepens practical, applied skills. Delivered as an in-person, station-based training programme with hands-on instruction. The course maps to the 'Disaster risk communication' competency in the Capacity Connect competency framework and includes assessments to validate skill acquisition.","System.Object[]"
"C1457","Disaster Risk Communication in Operational Forecasting","Disaster risk communication","Disaster Risk Communication","Advanced","Hybrid","8","1","40","System.Object[]","System.Object[]","False","2026-04-09","2026-04-16","completed","5","TRN20260113","5","14","87.1","4.6","92.3","Disaster Risk Communication in Operational Forecasting equips IMD personnel with the knowledge and skills required for effective communication of weather and disaster risk information to the public and stakeholders. This advanced course is designed for experienced officers seeking to master specialized techniques and lead operational deployment. Delivered in a hybrid format combining self-paced online modules with in-person practical sessions. The course maps to the 'Disaster risk communication' competency in the Capacity Connect competency framework and includes assessments to validate skill acquisition.","System.Object[]"
"C1458","Disaster Risk Communication: Case Studies from Indian Meteorology","Disaster risk communication","Disaster Risk Communication","Beginner","Online","16","2","50","System.Object[]","System.Object[]","False","2026-06-22","2026-07-06","completed","5","TRN20260113","8","19","85.1","3.3","93.8","Disaster Risk Communication: Case Studies from Indian Meteorology equips IMD personnel with the knowledge and skills required for effective communication of weather and disaster risk information to the public and stakeholders. This entry-level course builds foundational understanding for officers new to the subject, with no prior experience assumed. Delivered fully online through self-paced modules and live virtual sessions. The course maps to the 'Disaster risk communication' competency in the Capacity Connect competency framework and includes assessments to validate skill acquisition.","System.Object[]"
"C1459","Disaster Risk Communication Capstone Project","Disaster risk communication","Disaster Risk Communication","Intermediate","Offline","32","4","40","System.Object[]","System.Object[]","False","2026-12-28","2027-01-25","upcoming","5","TRN20260113","5","38","86.3","3.7","96","Disaster Risk Communication Capstone Project equips IMD personnel with the knowledge and skills required for effective communication of weather and disaster risk information to the public and stakeholders. This intermediate course assumes basic familiarity with the subject and deepens practical, applied skills. Delivered as an in-person, station-based training programme with hands-on instruction. The course maps to the 'Disaster risk communication' competency in the Capacity Connect competency framework and includes assessments to validate skill acquisition.","System.Object[]"
"C1460","Disaster Risk Communication Refresher Course","Disaster risk communication","Disaster Risk Communication","Advanced","Hybrid","8","1","25","System.Object[]","System.Object[]","False","2026-03-27","2026-04-03","completed","5","TRN20260113","6","9","64","4.6","67.6","Disaster Risk Communication Refresher Course equips IMD personnel with the knowledge and skills required for effective communication of weather and disaster risk information to the public and stakeholders. This advanced course is designed for experienced officers seeking to master specialized techniques and lead operational deployment. Delivered in a hybrid format combining self-paced online modules with in-person practical sessions. The course maps to the 'Disaster risk communication' competency in the Capacity Connect competency framework and includes assessments to validate skill acquisition.","System.Object[]"
"C1461","Disaster Risk Communication for Decision Makers","Disaster risk communication","Disaster Risk Communication","Beginner","Online","32","4","50","System.Object[]","System.Object[]","True","2026-10-15","2026-11-12","upcoming","5","TRN20260113","8","37","83","4.2","97.8","Disaster Risk Communication for Decision Makers equips IMD personnel with the knowledge and skills required for effective communication of weather and disaster risk information to the public and stakeholders. This entry-level course builds foundational understanding for officers new to the subject, with no prior experience assumed. Delivered fully online through self-paced modules and live virtual sessions. The course maps to the 'Disaster risk communication' competency in the Capacity Connect competency framework and includes assessments to validate skill acquisition.","System.Object[]"
"C1462","Hands-on Disaster Risk Communication","Disaster risk communication","Disaster Risk Communication","Intermediate","Offline","8","1","20","System.Object[]","System.Object[]","True","2026-12-08","2026-12-15","upcoming","5","TRN20260113","8","5","60.2","3.3","79.1","Hands-on Disaster Risk Communication equips IMD personnel with the knowledge and skills required for effective communication of weather and disaster risk information to the public and stakeholders. This intermediate course assumes basic familiarity with the subject and deepens practical, applied skills. Delivered as an in-person, station-based training programme with hands-on instruction. The course maps to the 'Disaster risk communication' competency in the Capacity Connect competency framework and includes assessments to validate skill acquisition.","System.Object[]"
"C1463","Advanced Disaster Risk Communication Techniques","Disaster risk communication","Disaster Risk Communication","Advanced","Hybrid","8","1","50","System.Object[]","System.Object[]","False","2026-06-25","2026-07-02","completed","5","TRN20260113","6","25","57.7","4.7","91","Advanced Disaster Risk Communication Techniques equips IMD personnel with the knowledge and skills required for effective communication of weather and disaster risk information to the public and stakeholders. This advanced course is designed for experienced officers seeking to master specialized techniques and lead operational deployment. Delivered in a hybrid format combining self-paced online modules with in-person practical sessions. The course maps to the 'Disaster risk communication' competency in the Capacity Connect competency framework and includes assessments to validate skill acquisition.","System.Object[]"
"C1464","Disaster Risk Communication: Tools and Applications","Disaster risk communication","Disaster Risk Communication","Beginner","Online","40","5","20","System.Object[]","System.Object[]","True","2026-06-13","2026-07-18","completed","5","TRN20260113","7","15","60.3","3.4","68","Disaster Risk Communication: Tools and Applications equips IMD personnel with the knowledge and skills required for effective communication of weather and disaster risk information to the public and stakeholders. This entry-level course builds foundational understanding for officers new to the subject, with no prior experience assumed. Delivered fully online through self-paced modules and live virtual sessions. The course maps to the 'Disaster risk communication' competency in the Capacity Connect competency framework and includes assessments to validate skill acquisition.","System.Object[]"
"C1465","Disaster Risk Communication Data Handling and Quality Control","Disaster risk communication","Disaster Risk Communication","Intermediate","Offline","24","3","30","System.Object[]","System.Object[]","False","2026-08-20","2026-09-10","completed","5","TRN20260113","5","12","67.9","4.8","80.3","Disaster Risk Communication Data Handling and Quality Control equips IMD personnel with the knowledge and skills required for effective communication of weather and disaster risk information to the public and stakeholders. This intermediate course assumes basic familiarity with the subject and deepens practical, applied skills. Delivered as an in-person, station-based training programme with hands-on instruction. The course maps to the 'Disaster risk communication' competency in the Capacity Connect competency framework and includes assessments to validate skill acquisition.","System.Object[]"
"C1466","Disaster Risk Communication for New Recruits","Disaster risk communication","Disaster Risk Communication","Beginner","Hybrid","12","2","50","System.Object[]","System.Object[]","True","2026-12-30","2027-01-13","upcoming","5","TRN20260113","7","14","67.9","4.6","97.3","Disaster Risk Communication for New Recruits equips IMD personnel with the knowledge and skills required for effective communication of weather and disaster risk information to the public and stakeholders. This entry-level course builds foundational understanding for officers new to the subject, with no prior experience assumed. Delivered in a hybrid format combining self-paced online modules with in-person practical sessions. The course maps to the 'Disaster risk communication' competency in the Capacity Connect competency framework and includes assessments to validate skill acquisition.","System.Object[]"
"C1467","Foundations of Disaster Risk Communication","Disaster risk communication","Disaster Risk Communication","Beginner","Online","24","3","30","System.Object[]","System.Object[]","False","2026-07-31","2026-08-21","completed","5","TRN20260113","3","17","82.9","3.5","77.8","Foundations of Disaster Risk Communication equips IMD personnel with the knowledge and skills required for effective communication of weather and disaster risk information to the public and stakeholders. This entry-level course builds foundational understanding for officers new to the subject, with no prior experience assumed. Delivered fully online through self-paced modules and live virtual sessions. The course maps to the 'Disaster risk communication' competency in the Capacity Connect competency framework and includes assessments to validate skill acquisition.","System.Object[]"
"C1468","Applied Disaster Risk Communication","Disaster risk communication","Disaster Risk Communication","Intermediate","Offline","32","4","25","System.Object[]","System.Object[]","True","2026-05-25","2026-06-22","completed","5","TRN20260113","8","17","56.1","4.2","63","Applied Disaster Risk Communication equips IMD personnel with the knowledge and skills required for effective communication of weather and disaster risk information to the public and stakeholders. This intermediate course assumes basic familiarity with the subject and deepens practical, applied skills. Delivered as an in-person, station-based training programme with hands-on instruction. The course maps to the 'Disaster risk communication' competency in the Capacity Connect competency framework and includes assessments to validate skill acquisition.","System.Object[]"
"C1469","Disaster Risk Communication Essentials","Disaster risk communication","Disaster Risk Communication","Beginner","Hybrid","32","4","50","System.Object[]","System.Object[]","True","2026-05-15","2026-06-12","completed","5","TRN20260113","5","5","59.2","4.9","68.7","Disaster Risk Communication Essentials equips IMD personnel with the knowledge and skills required for effective communication of weather and disaster risk information to the public and stakeholders. This entry-level course builds foundational understanding for officers new to the subject, with no prior experience assumed. Delivered in a hybrid format combining self-paced online modules with in-person practical sessions. The course maps to the 'Disaster risk communication' competency in the Capacity Connect competency framework and includes assessments to validate skill acquisition.","System.Object[]"
"C1470","Introduction to Disaster Risk Communication","Disaster risk communication","Disaster Risk Communication","Beginner","Online","12","2","50","System.Object[]","System.Object[]","False","2026-12-20","2027-01-03","upcoming","5","TRN20260113","8","29","62.8","4.6","86.4","Introduction to Disaster Risk Communication equips IMD personnel with the knowledge and skills required for effective communication of weather and disaster risk information to the public and stakeholders. This entry-level course builds foundational understanding for officers new to the subject, with no prior experience assumed. Delivered fully online through self-paced modules and live virtual sessions. The course maps to the 'Disaster risk communication' competency in the Capacity Connect competency framework and includes assessments to validate skill acquisition.","System.Object[]"
"C1471","Disaster Risk Communication: Core Concepts","Disaster risk communication","Disaster Risk Communication","Intermediate","Offline","20","2","50","System.Object[]","System.Object[]","False","2026-10-23","2026-11-06","upcoming","5","TRN20260113","7","45","96.9","4.4","69.7","Disaster Risk Communication: Core Concepts equips IMD personnel with the knowledge and skills required for effective communication of weather and disaster risk information to the public and stakeholders. This intermediate course assumes basic familiarity with the subject and deepens practical, applied skills. Delivered as an in-person, station-based training programme with hands-on instruction. The course maps to the 'Disaster risk communication' competency in the Capacity Connect competency framework and includes assessments to validate skill acquisition.","System.Object[]"
"C1472","Disaster Risk Communication Best Practices","Disaster risk communication","Disaster Risk Communication","Advanced","Hybrid","12","2","40","System.Object[]","System.Object[]","True","2026-05-09","2026-05-23","completed","5","TRN20260113","6","10","82.3","3.3","69.4","Disaster Risk Communication Best Practices equips IMD personnel with the knowledge and skills required for effective communication of weather and disaster risk information to the public and stakeholders. This advanced course is designed for experienced officers seeking to master specialized techniques and lead operational deployment. Delivered in a hybrid format combining self-paced online modules with in-person practical sessions. The course maps to the 'Disaster risk communication' competency in the Capacity Connect competency framework and includes assessments to validate skill acquisition.","System.Object[]"
"C1473","Disaster Risk Communication Workshop","Disaster risk communication","Disaster Risk Communication","Beginner","Online","24","3","20","System.Object[]","System.Object[]","True","2026-12-20","2027-01-10","upcoming","5","TRN20260113","3","20","76.4","4.4","86.4","Disaster Risk Communication Workshop equips IMD personnel with the knowledge and skills required for effective communication of weather and disaster risk information to the public and stakeholders. This entry-level course builds foundational understanding for officers new to the subject, with no prior experience assumed. Delivered fully online through self-paced modules and live virtual sessions. The course maps to the 'Disaster risk communication' competency in the Capacity Connect competency framework and includes assessments to validate skill acquisition.","System.Object[]"
"C1474","Master Class: Disaster Risk Communication","Disaster risk communication","Disaster Risk Communication","Intermediate","Offline","20","2","20","System.Object[]","System.Object[]","True","2026-09-19","2026-10-03","ongoing","5","TRN20260113","8","12","62.5","3.8","65.2","Master Class: Disaster Risk Communication equips IMD personnel with the knowledge and skills required for effective communication of weather and disaster risk information to the public and stakeholders. This intermediate course assumes basic familiarity with the subject and deepens practical, applied skills. Delivered as an in-person, station-based training programme with hands-on instruction. The course maps to the 'Disaster risk communication' competency in the Capacity Connect competency framework and includes assessments to validate skill acquisition.","System.Object[]"
"C1475","Disaster Risk Communication Certification Program","Disaster risk communication","Disaster Risk Communication","Advanced","Hybrid","20","2","40","System.Object[]","System.Object[]","True","2026-08-26","2026-09-09","completed","5","TRN20260113","8","18","55.1","4.3","75.4","Disaster Risk Communication Certification Program equips IMD personnel with the knowledge and skills required for effective communication of weather and disaster risk information to the public and stakeholders. This advanced course is designed for experienced officers seeking to master specialized techniques and lead operational deployment. Delivered in a hybrid format combining self-paced online modules with in-person practical sessions. The course maps to the 'Disaster risk communication' competency in the Capacity Connect competency framework and includes assessments to validate skill acquisition.","System.Object[]"
"C1476","Disaster Risk Communication for Regional Centres","Disaster risk communication","Disaster Risk Communication","Beginner","Online","20","2","50","System.Object[]","System.Object[]","True","2026-07-02","2026-07-16","completed","5","TRN20260113","6","16","72.3","3.2","76.8","Disaster Risk Communication for Regional Centres equips IMD personnel with the knowledge and skills required for effective communication of weather and disaster risk information to the public and stakeholders. This entry-level course builds foundational understanding for officers new to the subject, with no prior experience assumed. Delivered fully online through self-paced modules and live virtual sessions. The course maps to the 'Disaster risk communication' competency in the Capacity Connect competency framework and includes assessments to validate skill acquisition.","System.Object[]"
"C1477","Specialized Disaster Risk Communication Training","Disaster risk communication","Disaster Risk Communication","Intermediate","Offline","24","3","50","System.Object[]","System.Object[]","False","2026-06-24","2026-07-15","completed","5","TRN20260113","3","35","72","3.7","76.7","Specialized Disaster Risk Communication Training equips IMD personnel with the knowledge and skills required for effective communication of weather and disaster risk information to the public and stakeholders. This intermediate course assumes basic familiarity with the subject and deepens practical, applied skills. Delivered as an in-person, station-based training programme with hands-on instruction. The course maps to the 'Disaster risk communication' competency in the Capacity Connect competency framework and includes assessments to validate skill acquisition.","System.Object[]"
"C1478","Intermediate Disaster Risk Communication","Disaster risk communication","Disaster Risk Communication","Advanced","Hybrid","8","1","40","System.Object[]","System.Object[]","True","2026-09-08","2026-09-15","completed","5","TRN20260113","3","17","67.3","3.4","76.4","Intermediate Disaster Risk Communication equips IMD personnel with the knowledge and skills required for effective communication of weather and disaster risk information to the public and stakeholders. This advanced course is designed for experienced officers seeking to master specialized techniques and lead operational deployment. Delivered in a hybrid format combining self-paced online modules with in-person practical sessions. The course maps to the 'Disaster risk communication' competency in the Capacity Connect competency framework and includes assessments to validate skill acquisition.","System.Object[]"
"C1479","Disaster Risk Communication Bootcamp","Disaster risk communication","Disaster Risk Communication","Beginner","Online","12","2","25","System.Object[]","System.Object[]","True","2026-09-15","2026-09-29","ongoing","5","TRN20260113","7","8","96.2","4.5","64.9","Disaster Risk Communication Bootcamp equips IMD personnel with the knowledge and skills required for effective communication of weather and disaster risk information to the public and stakeholders. This entry-level course builds foundational understanding for officers new to the subject, with no prior experience assumed. Delivered fully online through self-paced modules and live virtual sessions. The course maps to the 'Disaster risk communication' competency in the Capacity Connect competency framework and includes assessments to validate skill acquisition.","System.Object[]"
